Common Name,Scientific Name,Count,State/Province,Date
Oie à tête barrée,Anser indicus,2,FR-IDF,2026-03-07
Bernache du Canada,Branta canadensis,4,FR-IDF,2026-02-28
Bernache du Canada,Branta canadensis,10,FR-IDF,2026-03-21
Bernache du Canada,Branta canadensis,1,FR-IDF,2025-11-04
Bernache du Canada,Branta canadensis,60,FR-IDF,2025-08-24
Bernache du Canada,Branta canadensis,50,FR-IDF,2026-03-07
Bernache du Canada,Branta canadensis,20,FR-IDF,2026-02-28
Bernache du Canada,Branta canadensis,5,FR-IDF,2025-09-28
Bernache du Canada,Branta canadensis,2,FR-IDF,2025-10-06
Bernache du Canada,Branta canadensis,2,FR-IDF,2026-01-04
Bernache du Canada,Branta canadensis,2,FR-IDF,2026-04-04
Bernache du Canada,Branta canadensis,4,FR-IDF,2026-04-06
Cygne tuberculé,Cygnus olor,3,FR-BFC,2025-08-11
Cygne tuberculé,Cygnus olor,5,FR-IDF,2025-08-23
Cygne tuberculé,Cygnus olor,2,FR-IDF,2026-02-28
Cygne tuberculé,Cygnus olor,1,FR-IDF,2025-08-23
Cygne tuberculé,Cygnus olor,3,FR-IDF,2025-08-30
Cygne tuberculé,Cygnus olor,2,FR-IDF,2025-08-24
Cygne tuberculé,Cygnus olor,7,FR-IDF,2025-08-15
Cygne tuberculé,Cygnus olor,1,FR-IDF,2025-08-16
Cygne tuberculé,Cygnus olor,5,FR-IDF,2025-08-17
Cygne tuberculé,Cygnus olor,8,FR-IDF,2025-08-23
Cygne tuberculé,Cygnus olor,10,FR-IDF,2025-08-24
Cygne tuberculé,Cygnus olor,16,FR-IDF,2025-08-25
Cygne tuberculé,Cygnus olor,28,FR-IDF,2025-08-30
Cygne tuberculé,Cygnus olor,25,FR-IDF,2025-08-31
Cygne tuberculé,Cygnus olor,35,FR-IDF,2025-09-18
Cygne tuberculé,Cygnus olor,35,FR-IDF,2025-09-27
Cygne tuberculé,Cygnus olor,30,FR-IDF,2025-09-28
Cygne tuberculé,Cygnus olor,7,FR-IDF,2025-10-06
Cygne tuberculé,Cygnus olor,4,FR-IDF,2025-11-11
Cygne tuberculé,Cygnus olor,5,FR-IDF,2025-11-30
Cygne tuberculé,Cygnus olor,6,FR-IDF,2025-12-09
Cygne tuberculé,Cygnus olor,5,FR-IDF,2025-12-13
Cygne tuberculé,Cygnus olor,5,FR-IDF,2026-01-04
Cygne tuberculé,Cygnus olor,2,FR-IDF,2026-03-02
Cygne tuberculé,Cygnus olor,1,FR-IDF,2026-04-25
Canard de Chine,Anas zonorhyncha,1,JP-13,2026-05-15
Canard de Chine,Anas zonorhyncha,X,JP-13,2026-05-14
Canard colvert,Anas platyrhynchos,1,FR-OCC,2025-07-29
Canard colvert,Anas platyrhynchos,X,FR-OCC,2025-07-27
Canard colvert,Anas platyrhynchos,15,ES-CT,2025-10-12
Canard colvert,Anas platyrhynchos,15,FR-BFC,2025-08-11
Canard colvert,Anas platyrhynchos,5,FR-IDF,2026-02-28
Canard colvert,Anas platyrhynchos,1,FR-IDF,2025-08-23
Canard colvert,Anas platyrhynchos,8,FR-IDF,2026-02-28
Canard colvert,Anas platyrhynchos,18,FR-IDF,2026-02-28
Canard colvert,Anas platyrhynchos,25,FR-IDF,2026-03-21
Canard colvert,Anas platyrhynchos,1,FR-IDF,2026-03-22
Canard colvert,Anas platyrhynchos,3,FR-IDF,2025-08-23
Canard colvert,Anas platyrhynchos,10,FR-IDF,2025-08-30
Canard colvert,Anas platyrhynchos,2,FR-IDF,2026-03-21
Canard colvert,Anas platyrhynchos,10,FR-IDF,2025-08-24
Canard colvert,Anas platyrhynchos,20,FR-IDF,2026-03-07
Canard colvert,Anas platyrhynchos,2,FR-IDF,2026-04-04
Canard colvert,Anas platyrhynchos,10,FR-IDF,2026-04-26
Canard colvert,Anas platyrhynchos,1,FR-IDF,2026-04-18
Canard colvert,Anas platyrhynchos,6,FR-IDF,2026-04-25
Canard colvert,Anas platyrhynchos,10,FR-IDF,2025-08-15
Canard colvert,Anas platyrhynchos,20,FR-IDF,2025-08-16
Canard colvert,Anas platyrhynchos,20,FR-IDF,2025-08-24
Canard colvert,Anas platyrhynchos,30,FR-IDF,2025-08-30
Canard colvert,Anas platyrhynchos,5,FR-IDF,2025-08-31
Canard colvert,Anas platyrhynchos,10,FR-IDF,2025-09-18
Canard colvert,Anas platyrhynchos,10,FR-IDF,2025-09-27
Canard colvert,Anas platyrhynchos,10,FR-IDF,2025-09-28
Canard colvert,Anas platyrhynchos,20,FR-IDF,2025-10-06
Canard colvert,Anas platyrhynchos,3,FR-IDF,2025-12-09
Canard colvert,Anas platyrhynchos,7,FR-IDF,2025-12-13
Canard colvert,Anas platyrhynchos,8,FR-IDF,2026-01-04
Canard colvert,Anas platyrhynchos,10,FR-IDF,2026-03-02
Canard colvert,Anas platyrhynchos,2,FR-IDF,2026-04-12
Canard colvert,Anas platyrhynchos,1,FR-IDF,2026-04-18
Sarcelle d'hiver,Anas crecca,4,FR-IDF,2026-02-28
Sarcelle d'hiver,Anas crecca,5,FR-IDF,2026-03-21
Faisan de Colchide,Phasianus colchicus,2,FR-IDF,2026-04-18
Faisan de Colchide,Phasianus colchicus,3,FR-IDF,2026-04-26
Faisan de Colchide,Phasianus colchicus,1,FR-IDF,2026-04-12
Faisan de Colchide,Phasianus colchicus,5,FR-IDF,2026-04-18
Faisan de Colchide,Phasianus colchicus,5,FR-IDF,2026-04-25
Faisan de Colchide,Phasianus colchicus,2,FR-IDF,2026-04-12
Faisan de Colchide,Phasianus colchicus,3,FR-IDF,2026-04-12
Faisan de Colchide,Phasianus colchicus,1,FR-IDF,2026-04-18
Faisan de Colchide,Phasianus colchicus,2,FR-IDF,2026-04-25
Faisan de Colchide,Phasianus colchicus,2,FR-IDF,2026-04-26
Faisan de Colchide,Phasianus colchicus,2,FR-IDF,2026-04-06
Faisan de Colchide,Phasianus colchicus,2,FR-IDF,2026-04-26
Pigeon biset,Columba livia,15,ES-CT,2025-10-12
Pigeon biset,Columba livia,3,ES-CT,2025-10-11
Pigeon colombin,Columba oenas,1,FR-IDF,2026-03-07
Pigeon colombin,Columba oenas,2,FR-IDF,2026-02-08
Pigeon colombin,Columba oenas,2,FR-IDF,2026-04-18
Pigeon colombin,Columba oenas,1,FR-IDF,2026-04-12
Pigeon colombin,Columba oenas,2,FR-IDF,2026-04-12
Pigeon ramier,Columba palumbus,3,ES-CT,2025-10-11
Pigeon ramier,Columba palumbus,X,FR-BFC,2025-08-11
Pigeon ramier,Columba palumbus,8,FR-BFC,2025-08-09
Pigeon ramier,Columba palumbus,4,FR-IDF,2026-04-18
Pigeon ramier,Columba palumbus,5,FR-IDF,2026-04-26
Pigeon ramier,Columba palumbus,4,FR-IDF,2026-04-12
Pigeon ramier,Columba palumbus,2,FR-IDF,2025-09-06
Pigeon ramier,Columba palumbus,2,FR-IDF,2026-02-28
Pigeon ramier,Columba palumbus,10,FR-IDF,2026-03-21
Pigeon ramier,Columba palumbus,4,FR-IDF,2025-08-31
Pigeon ramier,Columba palumbus,2,FR-IDF,2025-09-08
Pigeon ramier,Columba palumbus,3,FR-IDF,2025-09-14
Pigeon ramier,Columba palumbus,2,FR-IDF,2025-12-16
Pigeon ramier,Columba palumbus,2,FR-IDF,2026-01-07
Pigeon ramier,Columba palumbus,10,FR-IDF,2026-01-17
Pigeon ramier,Columba palumbus,4,FR-IDF,2026-01-18
Pigeon ramier,Columba palumbus,4,FR-IDF,2026-01-30
Pigeon ramier,Columba palumbus,2,FR-IDF,2026-01-31
Pigeon ramier,Columba palumbus,7,FR-IDF,2026-02-02
Pigeon ramier,Columba palumbus,8,FR-IDF,2026-02-07
Pigeon ramier,Columba palumbus,2,FR-IDF,2026-02-08
Pigeon ramier,Columba palumbus,2,FR-IDF,2026-02-17
Pigeon ramier,Columba palumbus,8,FR-IDF,2026-02-28
Pigeon ramier,Columba palumbus,4,FR-IDF,2026-03-07
Pigeon ramier,Columba palumbus,2,FR-IDF,2026-03-09
Pigeon ramier,Columba palumbus,1,FR-IDF,2026-03-10
Pigeon ramier,Columba palumbus,2,FR-IDF,2026-03-21
Pigeon ramier,Columba palumbus,2,FR-IDF,2026-03-22
Pigeon ramier,Columba palumbus,5,FR-IDF,2026-04-19
Pigeon ramier,Columba palumbus,3,FR-IDF,2026-04-21
Pigeon ramier,Columba palumbus,5,FR-IDF,2026-01-18
Pigeon ramier,Columba palumbus,16,FR-IDF,2026-02-08
Pigeon ramier,Columba palumbus,4,FR-IDF,2026-02-21
Pigeon ramier,Columba palumbus,1,FR-IDF,2025-08-23
Pigeon ramier,Columba palumbus,8,FR-IDF,2025-08-30
Pigeon ramier,Columba palumbus,10,FR-IDF,2026-03-21
Pigeon ramier,Columba palumbus,10,FR-IDF,2025-08-24
Pigeon ramier,Columba palumbus,6,FR-IDF,2026-03-07
Pigeon ramier,Columba palumbus,2,FR-IDF,2026-02-28
Pigeon ramier,Columba palumbus,10,FR-IDF,2026-04-18
Pigeon ramier,Columba palumbus,5,FR-IDF,2026-04-25
Pigeon ramier,Columba palumbus,2,FR-IDF,2025-09-02
Pigeon ramier,Columba palumbus,2,FR-IDF,2025-09-09
Pigeon ramier,Columba palumbus,2,FR-IDF,2025-08-17
Pigeon ramier,Columba palumbus,5,FR-IDF,2025-09-18
Pigeon ramier,Columba palumbus,2,FR-IDF,2025-09-27
Pigeon ramier,Columba palumbus,2,FR-IDF,2025-10-06
Pigeon ramier,Columba palumbus,2,FR-IDF,2025-12-09
Pigeon ramier,Columba palumbus,2,FR-IDF,2025-12-13
Pigeon ramier,Columba palumbus,2,FR-IDF,2026-03-02
Pigeon ramier,Columba palumbus,10,FR-IDF,2026-04-06
Pigeon ramier,Columba palumbus,2,FR-IDF,2026-04-12
Pigeon ramier,Columba palumbus,15,FR-IDF,2026-04-12
Pigeon ramier,Columba palumbus,5,FR-IDF,2026-04-18
Pigeon ramier,Columba palumbus,18,FR-IDF,2026-04-25
Pigeon ramier,Columba palumbus,20,FR-IDF,2026-04-04
Pigeon ramier,Columba palumbus,5,FR-IDF,2026-04-04
Pigeon ramier,Columba palumbus,6,FR-IDF,2026-04-06
Pigeon ramier,Columba palumbus,21,FR-IDF,2026-04-26
Tourterelle orientale,Streptopelia orientalis,X,JP-13,2026-05-17
Tourterelle orientale,Streptopelia orientalis,1,JP-13,2026-05-15
Tourterelle orientale,Streptopelia orientalis,X,JP-13,2026-05-14
Tourterelle turque,Streptopelia decaocto,1,FR-BFC,2025-08-11
Tourterelle turque,Streptopelia decaocto,2,FR-IDF,2026-03-21
Tourterelle turque,Streptopelia decaocto,2,FR-IDF,2026-01-07
Tourterelle turque,Streptopelia decaocto,3,FR-IDF,2026-02-02
Tourterelle turque,Streptopelia decaocto,2,FR-IDF,2026-02-07
Tourterelle turque,Streptopelia decaocto,2,FR-IDF,2026-02-08
Tourterelle turque,Streptopelia decaocto,2,FR-IDF,2026-03-22
Tourterelle turque,Streptopelia decaocto,1,FR-IDF,2025-08-24
Tourterelle turque,Streptopelia decaocto,1,FR-IDF,2026-01-04
Tourterelle turque,Streptopelia decaocto,2,FR-IDF,2026-03-20
Tourterelle turque,Streptopelia decaocto,1,FR-IDF,2025-09-18
Tourterelle turque,Streptopelia decaocto,1,FR-IDF,2025-12-13
Tourterelle turque,Streptopelia decaocto,15,FR-IDF,2026-04-06
Tourterelle turque,Streptopelia decaocto,2,FR-IDF,2026-04-12
Tourterelle turque,Streptopelia decaocto,2,FR-IDF,2026-04-04
Tourterelle turque,Streptopelia decaocto,5,FR-IDF,2026-04-06
Martinet à ventre blanc,Tachymarptis melba,2,ES-CT,2025-10-12
Martinet noir,Apus apus,X,FR-BFC,2025-08-09
Gallinule poule-d'eau,Gallinula chloropus,2,ES-CT,2025-10-12
Gallinule poule-d'eau,Gallinula chloropus,7,FR-BFC,2025-08-09
Gallinule poule-d'eau,Gallinula chloropus,1,FR-IDF,2026-02-28
Gallinule poule-d'eau,Gallinula chloropus,2,FR-IDF,2025-09-06
Gallinule poule-d'eau,Gallinula chloropus,1,FR-IDF,2026-02-28
Gallinule poule-d'eau,Gallinula chloropus,8,FR-IDF,2026-02-28
Gallinule poule-d'eau,Gallinula chloropus,5,FR-IDF,2026-03-21
Gallinule poule-d'eau,Gallinula chloropus,1,FR-IDF,2025-08-23
Gallinule poule-d'eau,Gallinula chloropus,8,FR-IDF,2025-08-30
Gallinule poule-d'eau,Gallinula chloropus,X,FR-IDF,2025-08-15
Foulque macroule,Fulica atra,4,FR-IDF,2025-08-23
Foulque macroule,Fulica atra,6,FR-IDF,2026-02-28
Foulque macroule,Fulica atra,8,FR-IDF,2026-02-28
Foulque macroule,Fulica atra,20,FR-IDF,2026-03-21
Foulque macroule,Fulica atra,3,FR-IDF,2025-08-30
Foulque macroule,Fulica atra,2,FR-IDF,2026-03-07
Foulque macroule,Fulica atra,X,FR-IDF,2025-08-15
Foulque macroule,Fulica atra,10,FR-IDF,2025-08-24
Foulque macroule,Fulica atra,X,FR-IDF,2025-08-25
Foulque macroule,Fulica atra,55,FR-IDF,2025-08-31
Foulque macroule,Fulica atra,70,FR-IDF,2025-09-18
Foulque macroule,Fulica atra,40,FR-IDF,2025-09-27
Foulque macroule,Fulica atra,40,FR-IDF,2025-09-28
Foulque macroule,Fulica atra,35,FR-IDF,2025-10-06
Foulque macroule,Fulica atra,25,FR-IDF,2025-11-11
Foulque macroule,Fulica atra,10,FR-IDF,2025-11-30
Foulque macroule,Fulica atra,25,FR-IDF,2025-12-09
Foulque macroule,Fulica atra,35,FR-IDF,2025-12-13
Foulque macroule,Fulica atra,25,FR-IDF,2026-01-04
Foulque macroule,Fulica atra,25,FR-IDF,2026-03-02
Foulque macroule,Fulica atra,25,FR-IDF,2026-04-18
Foulque macroule,Fulica atra,16,FR-IDF,2026-04-25
Foulque macroule,Fulica atra,2,FR-IDF,2026-04-06
Petit Gravelot,Thinornis dubius,1,JP-13,2026-05-14
Chevalier culblanc,Tringa ochropus,1,FR-IDF,2025-08-23
Chevalier culblanc,Tringa ochropus,1,FR-IDF,2026-04-06
Chevalier culblanc,Tringa ochropus,1,FR-IDF,2026-04-06
Mouette rieuse,Chroicocephalus ridibundus,1,ES-CT,2025-10-12
Mouette rieuse,Chroicocephalus ridibundus,25,ES-CT,2025-10-12
Mouette rieuse,Chroicocephalus ridibundus,10,ES-CT,2025-10-11
Mouette rieuse,Chroicocephalus ridibundus,12,FR-IDF,2026-02-28
Mouette rieuse,Chroicocephalus ridibundus,3,FR-IDF,2026-03-17
Mouette rieuse,Chroicocephalus ridibundus,1,FR-IDF,2026-02-21
Mouette rieuse,Chroicocephalus ridibundus,8,FR-IDF,2025-08-23
Mouette rieuse,Chroicocephalus ridibundus,10,FR-IDF,2025-08-30
Mouette rieuse,Chroicocephalus ridibundus,15,FR-IDF,2025-08-24
Mouette rieuse,Chroicocephalus ridibundus,20,FR-IDF,2026-03-07
Mouette rieuse,Chroicocephalus ridibundus,25,FR-IDF,2025-08-16
Mouette rieuse,Chroicocephalus ridibundus,10,FR-IDF,2025-08-24
Mouette rieuse,Chroicocephalus ridibundus,15,FR-IDF,2025-08-25
Mouette rieuse,Chroicocephalus ridibundus,10,FR-IDF,2025-08-30
Mouette rieuse,Chroicocephalus ridibundus,10,FR-IDF,2025-08-31
Mouette rieuse,Chroicocephalus ridibundus,20,FR-IDF,2025-09-18
Mouette rieuse,Chroicocephalus ridibundus,20,FR-IDF,2025-09-27
Mouette rieuse,Chroicocephalus ridibundus,40,FR-IDF,2025-09-28
Mouette rieuse,Chroicocephalus ridibundus,35,FR-IDF,2025-10-06
Mouette rieuse,Chroicocephalus ridibundus,15,FR-IDF,2025-11-11
Mouette rieuse,Chroicocephalus ridibundus,10,FR-IDF,2025-11-30
Mouette rieuse,Chroicocephalus ridibundus,10,FR-IDF,2025-12-09
Mouette rieuse,Chroicocephalus ridibundus,20,FR-IDF,2025-12-13
Mouette rieuse,Chroicocephalus ridibundus,5,FR-IDF,2026-01-04
Mouette rieuse,Chroicocephalus ridibundus,10,FR-IDF,2026-03-02
Mouette rieuse,Chroicocephalus ridibundus,15,FR-IDF,2026-04-18
Mouette rieuse,Chroicocephalus ridibundus,1,FR-IDF,2026-04-25
Mouette mélanocéphale,Ichthyaetus melanocephalus,2,FR-IDF,2026-02-28
Goéland leucophée,Larus michahellis,2,ES-CT,2025-10-12
Goéland leucophée,Larus michahellis,4,ES-CT,2025-10-12
Goéland leucophée,Larus michahellis,50,ES-CT,2025-10-12
Goéland leucophée,Larus michahellis,4,ES-CT,2025-10-11
Goéland leucophée,Larus michahellis,X,FR-IDF,2025-10-06
Sterne pierregarin,Sterna hirundo,10,FR-IDF,2025-08-31
Grèbe castagneux,Tachybaptus ruficollis,X,JP-26,2026-05-19
Grèbe castagneux,Tachybaptus ruficollis,2,JP-13,2026-05-14
Grèbe huppé,Podiceps cristatus,10,FR-IDF,2025-08-31
Grèbe huppé,Podiceps cristatus,15,FR-IDF,2025-09-18
Grèbe huppé,Podiceps cristatus,15,FR-IDF,2025-09-28
Grèbe huppé,Podiceps cristatus,20,FR-IDF,2025-10-06
Grèbe huppé,Podiceps cristatus,2,FR-IDF,2025-11-11
Grèbe huppé,Podiceps cristatus,1,FR-IDF,2025-12-09
Grèbe huppé,Podiceps cristatus,2,FR-IDF,2026-03-02
Grèbe huppé,Podiceps cristatus,3,FR-IDF,2026-04-25
Grand Cormoran,Phalacrocorax carbo,1,ES-CT,2025-10-11
Grand Cormoran,Phalacrocorax carbo,X,JP-26,2026-05-19
Grand Cormoran,Phalacrocorax carbo,1,FR-BFC,2025-08-11
Grand Cormoran,Phalacrocorax carbo,X,JP-13,2026-05-14
Grand Cormoran,Phalacrocorax carbo,2,FR-IDF,2025-08-23
Grand Cormoran,Phalacrocorax carbo,1,FR-IDF,2026-02-28
Grand Cormoran,Phalacrocorax carbo,1,FR-IDF,2026-02-02
Grand Cormoran,Phalacrocorax carbo,3,FR-IDF,2025-08-30
Grand Cormoran,Phalacrocorax carbo,1,FR-IDF,2025-08-05
Grand Cormoran,Phalacrocorax carbo,1,FR-IDF,2025-09-28
Grand Cormoran,Phalacrocorax carbo,2,FR-IDF,2025-10-06
Grand Cormoran,Phalacrocorax carbo,1,FR-IDF,2026-04-04
Cormoran huppé,Gulosus aristotelis,1,ES-CT,2025-10-11
Aigrette garzette,Egretta garzetta,3,ES-CT,2025-10-12
Aigrette garzette,Egretta garzetta,1,FR-BFC,2025-08-10
Aigrette garzette,Egretta garzetta,2,JP-13,2026-05-14
Aigrette garzette,Egretta garzetta,2,FR-IDF,2025-08-30
Aigrette garzette,Egretta garzetta,1,FR-IDF,2026-04-06
Aigrette garzette,Egretta garzetta,1,FR-IDF,2026-02-28
Grande Aigrette,Ardea alba,2,JP-26,2026-05-19
Grande Aigrette,Ardea alba,1,FR-IDF,2025-08-23
Héron cendré,Ardea cinerea,X,FR-OCC,2025-07-25
Héron cendré,Ardea cinerea,4,JP-26,2026-05-19
Héron cendré,Ardea cinerea,3,FR-BFC,2025-08-10
Héron cendré,Ardea cinerea,1,JP-13,2026-05-15
Héron cendré,Ardea cinerea,X,JP-13,2026-05-14
Héron cendré,Ardea cinerea,1,FR-IDF,2026-04-18
Héron cendré,Ardea cinerea,1,FR-IDF,2026-04-18
Héron cendré,Ardea cinerea,2,FR-IDF,2025-08-23
Héron cendré,Ardea cinerea,4,FR-IDF,2026-03-21
Héron cendré,Ardea cinerea,5,FR-IDF,2025-08-23
Héron cendré,Ardea cinerea,3,FR-IDF,2025-08-30
Héron cendré,Ardea cinerea,1,FR-IDF,2026-02-28
Héron cendré,Ardea cinerea,1,FR-IDF,2025-10-06
Héron cendré,Ardea cinerea,1,FR-IDF,2025-10-18
Héron cendré,Ardea cinerea,1,FR-IDF,2026-04-18
Héron cendré,Ardea cinerea,1,FR-IDF,2026-04-26
Héron cendré,Ardea cinerea,3,FR-IDF,2026-04-26
Gypaète barbu,Gypaetus barbatus,2,FR-OCC,2025-08-02
Bondrée apivore,Pernis apivorus,4,FR-OCC,2025-08-02
Vautour fauve,Gyps fulvus,1,FR-OCC,2025-07-31
Vautour fauve,Gyps fulvus,1,FR-OCC,2025-07-30
Vautour fauve,Gyps fulvus,2,FR-OCC,2025-08-02
Vautour fauve,Gyps fulvus,3,FR-OCC,2025-07-31
Aigle botté,Hieraaetus pennatus,2,FR-OCC,2025-08-02
Aigle royal,Aquila chrysaetos,2,FR-OCC,2025-07-30
Aigle royal,Aquila chrysaetos,1,FR-OCC,2025-08-02
Épervier d'Europe,Accipiter nisus,1,FR-OCC,2025-08-02
Épervier d'Europe,Accipiter nisus,1,FR-IDF,2026-02-21
Épervier d'Europe,Accipiter nisus,1,FR-IDF,2025-08-15
Milan noir,Milvus migrans,1,JP-29,2026-05-23
Buse variable,Buteo buteo,1,FR-OCC,2025-07-29
Buse variable,Buteo buteo,1,FR-OCC,2025-07-30
Buse variable,Buteo buteo,X,FR-OCC,2025-07-28
Buse variable,Buteo buteo,3,FR-IDF,2026-02-28
Buse variable,Buteo buteo,1,FR-IDF,2026-02-28
Buse variable,Buteo buteo,4,FR-IDF,2026-03-21
Buse variable,Buteo buteo,2,FR-IDF,2025-09-08
Buse variable,Buteo buteo,1,FR-IDF,2025-12-05
Buse variable,Buteo buteo,1,FR-IDF,2025-12-08
Buse variable,Buteo buteo,4,FR-IDF,2026-02-08
Buse variable,Buteo buteo,1,FR-IDF,2026-02-28
Buse variable,Buteo buteo,1,FR-IDF,2026-03-22
Buse variable,Buteo buteo,1,FR-IDF,2026-01-18
Buse variable,Buteo buteo,4,FR-IDF,2026-02-08
Buse variable,Buteo buteo,1,FR-IDF,2026-02-08
Buse variable,Buteo buteo,1,FR-IDF,2026-02-28
Buse variable,Buteo buteo,1,FR-IDF,2025-08-23
Buse variable,Buteo buteo,2,FR-IDF,2026-03-21
Buse variable,Buteo buteo,2,FR-IDF,2025-08-16
Buse variable,Buteo buteo,2,FR-IDF,2025-08-24
Buse variable,Buteo buteo,5,FR-IDF,2026-03-07
Buse variable,Buteo buteo,2,FR-IDF,2026-04-18
Buse variable,Buteo buteo,2,FR-IDF,2025-08-16
Buse variable,Buteo buteo,2,FR-IDF,2025-08-17
Buse variable,Buteo buteo,2,FR-IDF,2025-08-15
Buse variable,Buteo buteo,1,FR-IDF,2025-08-16
Buse variable,Buteo buteo,1,FR-IDF,2025-09-27
Buse variable,Buteo buteo,1,FR-IDF,2025-12-13
Buse variable,Buteo buteo,1,FR-IDF,2026-04-06
Buse variable,Buteo buteo,1,FR-IDF,2026-04-25
Buse variable,Buteo buteo,2,FR-IDF,2026-04-04
Buse variable,Buteo buteo,1,FR-IDF,2026-04-04
Buse variable,Buteo buteo,2,FR-IDF,2026-04-04
Chouette hulotte,Strix aluco,1,FR-IDF,2026-03-21
Chouette hulotte,Strix aluco,1,FR-IDF,2026-02-17
Chouette hulotte,Strix aluco,1,FR-IDF,2026-01-18
Chouette hulotte,Strix aluco,1,FR-IDF,2026-01-18
Chouette hulotte,Strix aluco,1,FR-IDF,2026-02-08
Chouette hulotte,Strix aluco,1,FR-IDF,2026-02-21
Chouette hulotte,Strix aluco,1,FR-IDF,2026-04-18
Chouette hulotte,Strix aluco,1,FR-IDF,2025-12-19
Chouette hulotte,Strix aluco,1,FR-IDF,2026-04-06
Chouette hulotte,Strix aluco,1,FR-IDF,2026-04-12
Martin-pêcheur d'Europe,Alcedo atthis,1,FR-IDF,2025-09-06
Pic kisuki,Yungipicus kizuki,1,JP-29,2026-05-23
Pic mar,Dendrocoptes medius,1,FR-IDF,2026-02-28
Pic mar,Dendrocoptes medius,2,FR-IDF,2026-03-21
Pic mar,Dendrocoptes medius,1,FR-IDF,2026-01-17
Pic mar,Dendrocoptes medius,1,FR-IDF,2026-01-30
Pic mar,Dendrocoptes medius,1,FR-IDF,2026-01-18
Pic mar,Dendrocoptes medius,3,FR-IDF,2026-02-08
Pic mar,Dendrocoptes medius,1,FR-IDF,2026-02-08
Pic mar,Dendrocoptes medius,1,FR-IDF,2026-02-21
Pic mar,Dendrocoptes medius,1,FR-IDF,2026-03-21
Pic mar,Dendrocoptes medius,1,FR-IDF,2026-03-07
Pic mar,Dendrocoptes medius,1,FR-IDF,2025-12-13
Pic mar,Dendrocoptes medius,3,FR-IDF,2026-04-04
Pic mar,Dendrocoptes medius,1,FR-IDF,2026-04-26
Pic épeiche,Dendrocopos major,1,FR-OCC,2025-08-02
Pic épeiche,Dendrocopos major,1,FR-OCC,2025-07-31
Pic épeiche,Dendrocopos major,1,FR-IDF,2026-02-28
Pic épeiche,Dendrocopos major,2,FR-IDF,2026-03-21
Pic épeiche,Dendrocopos major,1,FR-IDF,2025-09-29
Pic épeiche,Dendrocopos major,1,FR-IDF,2026-01-17
Pic épeiche,Dendrocopos major,1,FR-IDF,2026-02-02
Pic épeiche,Dendrocopos major,1,FR-IDF,2026-02-07
Pic épeiche,Dendrocopos major,3,FR-IDF,2026-02-28
Pic épeiche,Dendrocopos major,1,FR-IDF,2026-01-18
Pic épeiche,Dendrocopos major,1,FR-IDF,2026-01-18
Pic épeiche,Dendrocopos major,1,FR-IDF,2026-02-08
Pic épeiche,Dendrocopos major,1,FR-IDF,2026-02-21
Pic épeiche,Dendrocopos major,1,FR-IDF,2026-03-21
Pic épeiche,Dendrocopos major,2,FR-IDF,2026-03-07
Pic épeiche,Dendrocopos major,1,FR-IDF,2026-04-06
Pic épeiche,Dendrocopos major,2,FR-IDF,2026-04-26
Pic épeiche,Dendrocopos major,1,FR-IDF,2026-04-25
Pic épeiche,Dendrocopos major,1,FR-IDF,2025-12-13
Pic épeiche,Dendrocopos major,1,FR-IDF,2026-04-12
Pic épeiche,Dendrocopos major,1,FR-IDF,2026-04-18
Pic épeiche,Dendrocopos major,2,FR-IDF,2026-04-04
Pic épeiche,Dendrocopos major,1,FR-IDF,2026-04-06
Pic épeiche,Dendrocopos major,2,FR-IDF,2026-04-06
Pic épeiche,Dendrocopos major,3,FR-IDF,2026-04-26
Pic épeichette,Dryobates minor,1,FR-IDF,2026-04-12
Pic épeichette,Dryobates minor,3,FR-IDF,2026-04-06
Pic épeichette,Dryobates minor,2,FR-IDF,2026-04-26
Pic vert,Picus viridis,1,FR-IDF,2026-02-28
Pic vert,Picus viridis,1,FR-IDF,2026-02-28
Pic vert,Picus viridis,3,FR-IDF,2026-03-21
Pic vert,Picus viridis,1,FR-IDF,2025-09-08
Pic vert,Picus viridis,1,FR-IDF,2025-09-14
Pic vert,Picus viridis,1,FR-IDF,2026-02-28
Pic vert,Picus viridis,1,FR-IDF,2026-03-07
Pic vert,Picus viridis,1,FR-IDF,2026-03-07
Pic vert,Picus viridis,1,FR-IDF,2026-03-09
Pic vert,Picus viridis,1,FR-IDF,2026-03-10
Pic vert,Picus viridis,1,FR-IDF,2026-01-18
Pic vert,Picus viridis,6,FR-IDF,2026-03-07
Pic vert,Picus viridis,1,FR-IDF,2026-04-04
Pic vert,Picus viridis,1,FR-IDF,2026-04-04
Pic vert,Picus viridis,1,FR-IDF,2026-02-28
Pic vert,Picus viridis,1,FR-IDF,2026-04-18
Pic vert,Picus viridis,1,FR-IDF,2025-08-24
Pic vert,Picus viridis,1,FR-IDF,2026-04-04
Pic vert,Picus viridis,1,FR-IDF,2026-04-06
Pic vert,Picus viridis,1,FR-IDF,2026-04-12
Pic vert,Picus viridis,1,FR-IDF,2026-04-12
Pic vert,Picus viridis,2,FR-IDF,2026-04-12
Pic vert,Picus viridis,1,FR-IDF,2026-04-18
Pic vert,Picus viridis,1,FR-IDF,2026-04-25
Pic vert,Picus viridis,1,FR-IDF,2026-04-04
Pic vert,Picus viridis,1,FR-IDF,2026-04-06
Pic vert,Picus viridis,2,FR-IDF,2026-04-06
Pic vert,Picus viridis,3,FR-IDF,2026-04-26
Pic noir,Dryocopus martius,1,FR-OCC,2025-08-03
Pic noir,Dryocopus martius,1,FR-OCC,2025-07-29
Pic noir,Dryocopus martius,1,FR-IDF,2026-01-07
Pic noir,Dryocopus martius,1,FR-IDF,2026-01-17
Pic noir,Dryocopus martius,1,FR-IDF,2026-03-07
Pic noir,Dryocopus martius,1,FR-IDF,2026-02-28
Pic noir,Dryocopus martius,2,FR-IDF,2026-04-04
Faucon crécerelle,Falco tinnunculus,3,FR-OCC,2025-08-01
Faucon crécerelle,Falco tinnunculus,4,FR-OCC,2025-08-02
Faucon crécerelle,Falco tinnunculus,1,FR-IDF,2026-01-18
Faucon crécerelle,Falco tinnunculus,1,FR-IDF,2025-08-24
Faucon crécerelle,Falco tinnunculus,1,FR-IDF,2025-08-17
Faucon crécerelle,Falco tinnunculus,1,FR-IDF,2025-08-24
Faucon crécerelle,Falco tinnunculus,1,FR-IDF,2026-04-12
Faucon crécerelle,Falco tinnunculus,1,FR-IDF,2025-12-09
Faucon crécerelle,Falco tinnunculus,1,FR-IDF,2026-04-25
Perruche à collier,Psittacula krameri,X,JP-13,2026-05-16
Perruche à collier,Psittacula krameri,4,FR-IDF,2026-04-18
Perruche à collier,Psittacula krameri,2,FR-IDF,2026-04-12
Perruche à collier,Psittacula krameri,4,FR-IDF,2026-02-28
Perruche à collier,Psittacula krameri,6,FR-IDF,2025-09-06
Perruche à collier,Psittacula krameri,3,FR-IDF,2026-02-28
Perruche à collier,Psittacula krameri,4,FR-IDF,2026-02-28
Perruche à collier,Psittacula krameri,6,FR-IDF,2026-03-21
Perruche à collier,Psittacula krameri,3,FR-IDF,2025-08-31
Perruche à collier,Psittacula krameri,5,FR-IDF,2025-09-14
Perruche à collier,Psittacula krameri,5,FR-IDF,2025-09-29
Perruche à collier,Psittacula krameri,3,FR-IDF,2025-11-24
Perruche à collier,Psittacula krameri,10,FR-IDF,2025-12-05
Perruche à collier,Psittacula krameri,1,FR-IDF,2025-12-08
Perruche à collier,Psittacula krameri,3,FR-IDF,2025-12-16
Perruche à collier,Psittacula krameri,4,FR-IDF,2026-01-13
Perruche à collier,Psittacula krameri,10,FR-IDF,2026-01-17
Perruche à collier,Psittacula krameri,4,FR-IDF,2026-01-18
Perruche à collier,Psittacula krameri,2,FR-IDF,2026-01-19
Perruche à collier,Psittacula krameri,3,FR-IDF,2026-01-25
Perruche à collier,Psittacula krameri,4,FR-IDF,2026-01-30
Perruche à collier,Psittacula krameri,2,FR-IDF,2026-01-31
Perruche à collier,Psittacula krameri,6,FR-IDF,2026-02-02
Perruche à collier,Psittacula krameri,6,FR-IDF,2026-02-07
Perruche à collier,Psittacula krameri,4,FR-IDF,2026-02-08
Perruche à collier,Psittacula krameri,2,FR-IDF,2026-02-17
Perruche à collier,Psittacula krameri,5,FR-IDF,2026-02-21
Perruche à collier,Psittacula krameri,6,FR-IDF,2026-02-28
Perruche à collier,Psittacula krameri,4,FR-IDF,2026-03-07
Perruche à collier,Psittacula krameri,2,FR-IDF,2026-03-07
Perruche à collier,Psittacula krameri,4,FR-IDF,2026-03-09
Perruche à collier,Psittacula krameri,4,FR-IDF,2026-03-10
Perruche à collier,Psittacula krameri,4,FR-IDF,2026-03-17
Perruche à collier,Psittacula krameri,2,FR-IDF,2026-03-21
Perruche à collier,Psittacula krameri,2,FR-IDF,2026-03-22
Perruche à collier,Psittacula krameri,4,FR-IDF,2026-04-19
Perruche à collier,Psittacula krameri,2,FR-IDF,2026-04-21
Perruche à collier,Psittacula krameri,1,FR-IDF,2026-01-18
Perruche à collier,Psittacula krameri,5,FR-IDF,2026-02-08
Perruche à collier,Psittacula krameri,5,FR-IDF,2026-02-28
Perruche à collier,Psittacula krameri,4,FR-IDF,2026-03-21
Perruche à collier,Psittacula krameri,3,FR-IDF,2025-08-16
Perruche à collier,Psittacula krameri,2,FR-IDF,2025-08-24
Perruche à collier,Psittacula krameri,30,FR-IDF,2026-03-07
Perruche à collier,Psittacula krameri,5,FR-IDF,2026-04-04
Perruche à collier,Psittacula krameri,4,FR-IDF,2026-04-04
Perruche à collier,Psittacula krameri,5,FR-IDF,2026-04-06
Perruche à collier,Psittacula krameri,11,FR-IDF,2026-04-26
Perruche à collier,Psittacula krameri,12,FR-IDF,2026-02-28
Perruche à collier,Psittacula krameri,10,FR-IDF,2026-04-18
Perruche à collier,Psittacula krameri,8,FR-IDF,2026-04-25
Perruche à collier,Psittacula krameri,5,FR-IDF,2025-08-16
Perruche à collier,Psittacula krameri,6,FR-IDF,2026-04-04
Perruche à collier,Psittacula krameri,5,FR-IDF,2025-08-17
Perruche à collier,Psittacula krameri,5,FR-IDF,2025-08-15
Perruche à collier,Psittacula krameri,5,FR-IDF,2025-08-16
Perruche à collier,Psittacula krameri,10,FR-IDF,2025-08-24
Perruche à collier,Psittacula krameri,5,FR-IDF,2025-08-25
Perruche à collier,Psittacula krameri,15,FR-IDF,2025-08-30
Perruche à collier,Psittacula krameri,20,FR-IDF,2025-08-31
Perruche à collier,Psittacula krameri,35,FR-IDF,2025-09-18
Perruche à collier,Psittacula krameri,20,FR-IDF,2025-09-27
Perruche à collier,Psittacula krameri,25,FR-IDF,2025-09-28
Perruche à collier,Psittacula krameri,30,FR-IDF,2025-10-06
Perruche à collier,Psittacula krameri,15,FR-IDF,2025-11-11
Perruche à collier,Psittacula krameri,10,FR-IDF,2025-11-30
Perruche à collier,Psittacula krameri,15,FR-IDF,2025-12-09
Perruche à collier,Psittacula krameri,50,FR-IDF,2025-12-13
Perruche à collier,Psittacula krameri,15,FR-IDF,2026-01-04
Perruche à collier,Psittacula krameri,15,FR-IDF,2026-03-02
Perruche à collier,Psittacula krameri,2,FR-IDF,2026-04-06
Perruche à collier,Psittacula krameri,2,FR-IDF,2026-04-12
Perruche à collier,Psittacula krameri,7,FR-IDF,2026-04-12
Perruche à collier,Psittacula krameri,5,FR-IDF,2026-04-12
Perruche à collier,Psittacula krameri,6,FR-IDF,2026-04-18
Perruche à collier,Psittacula krameri,10,FR-IDF,2026-04-25
Perruche à collier,Psittacula krameri,6,FR-IDF,2026-04-04
Perruche à collier,Psittacula krameri,12,FR-IDF,2026-04-04
Perruche à collier,Psittacula krameri,5,FR-IDF,2026-04-04
Perruche à collier,Psittacula krameri,5,FR-IDF,2026-04-06
Perruche à collier,Psittacula krameri,12,FR-IDF,2026-04-06
Perruche à collier,Psittacula krameri,11,FR-IDF,2026-04-26
Geai des chênes,Garrulus glandarius,5,FR-OCC,2025-08-01
Geai des chênes,Garrulus glandarius,1,FR-OCC,2025-07-31
Geai des chênes,Garrulus glandarius,1,FR-OCC,2025-08-02
Geai des chênes,Garrulus glandarius,2,FR-OCC,2025-08-02
Geai des chênes,Garrulus glandarius,1,ES-CT,2025-10-13
Geai des chênes,Garrulus glandarius,5,FR-IDF,2025-08-23
Geai des chênes,Garrulus glandarius,2,FR-IDF,2026-02-28
Geai des chênes,Garrulus glandarius,4,FR-IDF,2026-03-21
Geai des chênes,Garrulus glandarius,1,FR-IDF,2025-08-31
Geai des chênes,Garrulus glandarius,2,FR-IDF,2025-09-08
Geai des chênes,Garrulus glandarius,1,FR-IDF,2025-09-29
Geai des chênes,Garrulus glandarius,2,FR-IDF,2025-11-03
Geai des chênes,Garrulus glandarius,1,FR-IDF,2025-11-18
Geai des chênes,Garrulus glandarius,2,FR-IDF,2025-11-24
Geai des chênes,Garrulus glandarius,1,FR-IDF,2025-12-05
Geai des chênes,Garrulus glandarius,1,FR-IDF,2025-12-08
Geai des chênes,Garrulus glandarius,2,FR-IDF,2025-12-16
Geai des chênes,Garrulus glandarius,2,FR-IDF,2026-01-07
Geai des chênes,Garrulus glandarius,X,FR-IDF,2026-01-17
Geai des chênes,Garrulus glandarius,2,FR-IDF,2026-01-31
Geai des chênes,Garrulus glandarius,3,FR-IDF,2026-02-02
Geai des chênes,Garrulus glandarius,1,FR-IDF,2026-03-09
Geai des chênes,Garrulus glandarius,1,FR-IDF,2026-01-18
Geai des chênes,Garrulus glandarius,4,FR-IDF,2026-02-08
Geai des chênes,Garrulus glandarius,1,FR-IDF,2026-02-21
Geai des chênes,Garrulus glandarius,1,FR-IDF,2025-08-30
Geai des chênes,Garrulus glandarius,1,FR-IDF,2026-04-04
Geai des chênes,Garrulus glandarius,1,FR-IDF,2025-12-13
Geai des chênes,Garrulus glandarius,1,FR-IDF,2026-04-18
Geai des chênes,Garrulus glandarius,2,FR-IDF,2026-04-04
Geai des chênes,Garrulus glandarius,3,FR-IDF,2026-04-06
Geai des chênes,Garrulus glandarius,5,FR-IDF,2026-04-26
Pie-bleue à calotte noire,Cyanopica cyanus,1,JP-13,2026-05-25
Pie bavarde,Pica pica,1,FR-OCC,2025-08-01
Pie bavarde,Pica pica,2,ES-CT,2025-10-12
Pie bavarde,Pica pica,2,ES-CT,2025-10-12
Pie bavarde,Pica pica,8,FR-BFC,2025-08-11
Pie bavarde,Pica pica,2,FR-IDF,2026-04-18
Pie bavarde,Pica pica,4,FR-IDF,2026-04-26
Pie bavarde,Pica pica,2,FR-IDF,2026-04-12
Pie bavarde,Pica pica,4,FR-IDF,2026-02-28
Pie bavarde,Pica pica,6,FR-IDF,2025-09-06
Pie bavarde,Pica pica,3,FR-IDF,2026-02-28
Pie bavarde,Pica pica,5,FR-IDF,2026-03-21
Pie bavarde,Pica pica,1,FR-IDF,2025-08-31
Pie bavarde,Pica pica,5,FR-IDF,2025-09-08
Pie bavarde,Pica pica,2,FR-IDF,2025-09-29
Pie bavarde,Pica pica,2,FR-IDF,2025-11-03
Pie bavarde,Pica pica,2,FR-IDF,2025-11-04
Pie bavarde,Pica pica,1,FR-IDF,2025-11-18
Pie bavarde,Pica pica,3,FR-IDF,2025-12-08
Pie bavarde,Pica pica,3,FR-IDF,2026-01-07
Pie bavarde,Pica pica,2,FR-IDF,2026-01-17
Pie bavarde,Pica pica,1,FR-IDF,2026-01-19
Pie bavarde,Pica pica,1,FR-IDF,2026-01-30
Pie bavarde,Pica pica,3,FR-IDF,2026-02-28
Pie bavarde,Pica pica,8,FR-IDF,2026-03-09
Pie bavarde,Pica pica,4,FR-IDF,2026-03-17
Pie bavarde,Pica pica,3,FR-IDF,2026-02-08
Pie bavarde,Pica pica,3,FR-IDF,2026-02-21
Pie bavarde,Pica pica,5,FR-IDF,2025-08-23
Pie bavarde,Pica pica,12,FR-IDF,2025-08-30
Pie bavarde,Pica pica,5,FR-IDF,2025-08-16
Pie bavarde,Pica pica,4,FR-IDF,2025-08-24
Pie bavarde,Pica pica,2,FR-IDF,2026-03-07
Pie bavarde,Pica pica,4,FR-IDF,2026-04-26
Pie bavarde,Pica pica,10,FR-IDF,2026-02-28
Pie bavarde,Pica pica,4,FR-IDF,2026-04-18
Pie bavarde,Pica pica,6,FR-IDF,2026-04-25
Pie bavarde,Pica pica,2,FR-IDF,2026-04-04
Pie bavarde,Pica pica,1,FR-IDF,2025-08-25
Pie bavarde,Pica pica,3,FR-IDF,2025-08-31
Pie bavarde,Pica pica,5,FR-IDF,2025-09-18
Pie bavarde,Pica pica,2,FR-IDF,2025-09-27
Pie bavarde,Pica pica,3,FR-IDF,2025-09-28
Pie bavarde,Pica pica,2,FR-IDF,2025-10-06
Pie bavarde,Pica pica,2,FR-IDF,2025-11-11
Pie bavarde,Pica pica,1,FR-IDF,2025-11-30
Pie bavarde,Pica pica,2,FR-IDF,2025-12-09
Pie bavarde,Pica pica,5,FR-IDF,2025-12-13
Pie bavarde,Pica pica,3,FR-IDF,2026-03-02
Pie bavarde,Pica pica,2,FR-IDF,2026-04-06
Pie bavarde,Pica pica,4,FR-IDF,2026-04-12
Pie bavarde,Pica pica,3,FR-IDF,2026-04-12
Pie bavarde,Pica pica,4,FR-IDF,2026-04-18
Pie bavarde,Pica pica,6,FR-IDF,2026-04-25
Pie bavarde,Pica pica,2,FR-IDF,2026-04-04
Pie bavarde,Pica pica,2,FR-IDF,2026-04-04
Choucas des tours,Coloeus monedula,1,ES-CT,2025-10-12
Choucas des tours,Coloeus monedula,1,FR-IDF,2026-02-28
Choucas des tours,Coloeus monedula,1,FR-IDF,2026-01-18
Choucas des tours,Coloeus monedula,1,FR-IDF,2026-04-12
Choucas des tours,Coloeus monedula,1,FR-IDF,2026-04-04
Choucas des tours,Coloeus monedula,1,FR-IDF,2026-04-06
Corbeau freux,Corvus frugilegus,4,FR-BFC,2025-08-11
Corbeau freux,Corvus frugilegus,1,FR-BFC,2025-08-09
Corbeau freux,Corvus frugilegus,1,FR-IDF,2026-02-28
Corbeau freux,Corvus frugilegus,1,FR-IDF,2026-01-19
Corbeau freux,Corvus frugilegus,2,FR-IDF,2026-03-07
Corbeau freux,Corvus frugilegus,12,FR-IDF,2026-04-04
Corbeau freux,Corvus frugilegus,1,FR-IDF,2026-04-04
Corneille noire,Corvus corone,3,FR-OCC,2025-07-30
Corneille noire,Corvus corone,1,FR-OCC,2025-07-31
Corneille noire,Corvus corone,3,FR-BFC,2025-08-11
Corneille noire,Corvus corone,4,FR-BFC,2025-08-09
Corneille noire,Corvus corone,2,FR-IDF,2026-04-18
Corneille noire,Corvus corone,2,FR-IDF,2026-04-26
Corneille noire,Corvus corone,1,FR-IDF,2026-02-28
Corneille noire,Corvus corone,1,FR-IDF,2025-09-06
Corneille noire,Corvus corone,4,FR-IDF,2026-02-28
Corneille noire,Corvus corone,10,FR-IDF,2026-03-21
Corneille noire,Corvus corone,2,FR-IDF,2025-08-31
Corneille noire,Corvus corone,3,FR-IDF,2025-09-14
Corneille noire,Corvus corone,3,FR-IDF,2025-09-29
Corneille noire,Corvus corone,1,FR-IDF,2025-11-03
Corneille noire,Corvus corone,2,FR-IDF,2025-11-04
Corneille noire,Corvus corone,1,FR-IDF,2025-11-18
Corneille noire,Corvus corone,5,FR-IDF,2025-11-24
Corneille noire,Corvus corone,5,FR-IDF,2025-12-05
Corneille noire,Corvus corone,3,FR-IDF,2025-12-08
Corneille noire,Corvus corone,2,FR-IDF,2025-12-16
Corneille noire,Corvus corone,8,FR-IDF,2026-01-07
Corneille noire,Corvus corone,4,FR-IDF,2026-01-13
Corneille noire,Corvus corone,14,FR-IDF,2026-01-17
Corneille noire,Corvus corone,2,FR-IDF,2026-01-18
Corneille noire,Corvus corone,6,FR-IDF,2026-01-19
Corneille noire,Corvus corone,4,FR-IDF,2026-01-25
Corneille noire,Corvus corone,8,FR-IDF,2026-01-30
Corneille noire,Corvus corone,2,FR-IDF,2026-01-31
Corneille noire,Corvus corone,10,FR-IDF,2026-02-02
Corneille noire,Corvus corone,2,FR-IDF,2026-02-07
Corneille noire,Corvus corone,4,FR-IDF,2026-02-17
Corneille noire,Corvus corone,8,FR-IDF,2026-02-21
Corneille noire,Corvus corone,4,FR-IDF,2026-02-28
Corneille noire,Corvus corone,3,FR-IDF,2026-03-07
Corneille noire,Corvus corone,8,FR-IDF,2026-03-09
Corneille noire,Corvus corone,2,FR-IDF,2026-03-10
Corneille noire,Corvus corone,2,FR-IDF,2026-03-17
Corneille noire,Corvus corone,5,FR-IDF,2026-03-22
Corneille noire,Corvus corone,3,FR-IDF,2026-04-19
Corneille noire,Corvus corone,1,FR-IDF,2026-04-21
Corneille noire,Corvus corone,5,FR-IDF,2026-01-18
Corneille noire,Corvus corone,1,FR-IDF,2026-01-18
Corneille noire,Corvus corone,5,FR-IDF,2026-02-08
Corneille noire,Corvus corone,5,FR-IDF,2026-02-08
Corneille noire,Corvus corone,3,FR-IDF,2026-02-21
Corneille noire,Corvus corone,2,FR-IDF,2026-02-28
Corneille noire,Corvus corone,4,FR-IDF,2025-08-23
Corneille noire,Corvus corone,4,FR-IDF,2025-08-30
Corneille noire,Corvus corone,2,FR-IDF,2026-03-21
Corneille noire,Corvus corone,1,FR-IDF,2025-08-16
Corneille noire,Corvus corone,6,FR-IDF,2025-08-24
Corneille noire,Corvus corone,6,FR-IDF,2025-08-24
Corneille noire,Corvus corone,35,FR-IDF,2026-03-07
Corneille noire,Corvus corone,6,FR-IDF,2026-04-04
Corneille noire,Corvus corone,5,FR-IDF,2026-04-06
Corneille noire,Corvus corone,6,FR-IDF,2026-04-26
Corneille noire,Corvus corone,1,FR-IDF,2026-02-28
Corneille noire,Corvus corone,8,FR-IDF,2026-04-18
Corneille noire,Corvus corone,3,FR-IDF,2026-04-25
Corneille noire,Corvus corone,5,FR-IDF,2025-08-16
Corneille noire,Corvus corone,6,FR-IDF,2025-08-24
Corneille noire,Corvus corone,8,FR-IDF,2026-04-04
Corneille noire,Corvus corone,1,FR-IDF,2025-08-17
Corneille noire,Corvus corone,2,FR-IDF,2025-08-25
Corneille noire,Corvus corone,10,FR-IDF,2025-09-18
Corneille noire,Corvus corone,2,FR-IDF,2025-09-27
Corneille noire,Corvus corone,2,FR-IDF,2025-09-28
Corneille noire,Corvus corone,5,FR-IDF,2025-10-06
Corneille noire,Corvus corone,5,FR-IDF,2025-11-11
Corneille noire,Corvus corone,1,FR-IDF,2025-11-30
Corneille noire,Corvus corone,10,FR-IDF,2025-12-09
Corneille noire,Corvus corone,12,FR-IDF,2025-12-13
Corneille noire,Corvus corone,5,FR-IDF,2026-01-04
Corneille noire,Corvus corone,5,FR-IDF,2026-03-02
Corneille noire,Corvus corone,5,FR-IDF,2026-04-12
Corneille noire,Corvus corone,4,FR-IDF,2026-04-18
Corneille noire,Corvus corone,6,FR-IDF,2026-04-25
Corneille noire,Corvus corone,5,FR-IDF,2026-04-04
Corneille noire,Corvus corone,8,FR-IDF,2026-04-04
Corneille noire,Corvus corone,2,FR-IDF,2026-04-04
Corneille noire,Corvus corone,4,FR-IDF,2026-04-06
Corneille noire,Corvus corone,4,FR-IDF,2026-04-06
Corneille noire,Corvus corone,10,FR-IDF,2026-04-26
Corbeau à gros bec,Corvus macrorhynchos,X,JP-13,2026-05-16
Corbeau à gros bec,Corvus macrorhynchos,X,JP-26,2026-05-19
Corbeau à gros bec,Corvus macrorhynchos,X,JP-29,2026-05-23
Corbeau à gros bec,Corvus macrorhynchos,X,JP-13,2026-05-15
Corbeau à gros bec,Corvus macrorhynchos,X,JP-13,2026-05-14
Grand Corbeau,Corvus corax,1,FR-OCC,2025-08-01
Grand Corbeau,Corvus corax,4,FR-OCC,2025-07-31
Grand Corbeau,Corvus corax,1,FR-OCC,2025-08-02
Grand Corbeau,Corvus corax,3,FR-OCC,2025-07-29
Grand Corbeau,Corvus corax,7,FR-OCC,2025-07-31
Mésange noire,Periparus ater,4,FR-OCC,2025-08-01
Mésange noire,Periparus ater,1,FR-OCC,2025-07-30
Mésange noire,Periparus ater,5,FR-OCC,2025-07-29
Mésange noire,Periparus ater,6,FR-OCC,2025-07-31
Mésange noire,Periparus ater,3,FR-OCC,2025-08-01
Mésange noire,Periparus ater,2,FR-IDF,2026-02-28
Mésange noire,Periparus ater,1,FR-IDF,2026-03-09
Mésange huppée,Lophophanes cristatus,2,FR-OCC,2025-08-01
Mésange huppée,Lophophanes cristatus,1,FR-OCC,2025-07-31
Mésange huppée,Lophophanes cristatus,3,FR-OCC,2025-07-29
Mésange huppée,Lophophanes cristatus,3,FR-OCC,2025-07-31
Mésange huppée,Lophophanes cristatus,2,ES-CT,2025-10-10
Mésange huppée,Lophophanes cristatus,2,FR-IDF,2026-02-17
Mésange huppée,Lophophanes cristatus,2,FR-IDF,2026-03-10
Mésange nonnette,Poecile palustris,1,FR-OCC,2025-07-31
Mésange nonnette,Poecile palustris,4,FR-IDF,2026-02-28
Mésange nonnette,Poecile palustris,2,FR-IDF,2026-02-28
Mésange nonnette,Poecile palustris,6,FR-IDF,2026-03-21
Mésange nonnette,Poecile palustris,3,FR-IDF,2025-09-08
Mésange nonnette,Poecile palustris,6,FR-IDF,2025-09-29
Mésange nonnette,Poecile palustris,2,FR-IDF,2025-11-03
Mésange nonnette,Poecile palustris,2,FR-IDF,2025-11-04
Mésange nonnette,Poecile palustris,6,FR-IDF,2025-11-18
Mésange nonnette,Poecile palustris,5,FR-IDF,2025-11-24
Mésange nonnette,Poecile palustris,15,FR-IDF,2025-12-05
Mésange nonnette,Poecile palustris,10,FR-IDF,2025-12-08
Mésange nonnette,Poecile palustris,4,FR-IDF,2025-12-16
Mésange nonnette,Poecile palustris,5,FR-IDF,2026-01-07
Mésange nonnette,Poecile palustris,1,FR-IDF,2026-01-13
Mésange nonnette,Poecile palustris,18,FR-IDF,2026-01-17
Mésange nonnette,Poecile palustris,4,FR-IDF,2026-01-18
Mésange nonnette,Poecile palustris,4,FR-IDF,2026-01-19
Mésange nonnette,Poecile palustris,6,FR-IDF,2026-01-25
Mésange nonnette,Poecile palustris,2,FR-IDF,2026-01-30
Mésange nonnette,Poecile palustris,2,FR-IDF,2026-02-02
Mésange nonnette,Poecile palustris,6,FR-IDF,2026-02-07
Mésange nonnette,Poecile palustris,10,FR-IDF,2026-02-08
Mésange nonnette,Poecile palustris,4,FR-IDF,2026-03-07
Mésange nonnette,Poecile palustris,6,FR-IDF,2026-03-17
Mésange nonnette,Poecile palustris,2,FR-IDF,2026-03-21
Mésange nonnette,Poecile palustris,6,FR-IDF,2026-02-08
Mésange nonnette,Poecile palustris,6,FR-IDF,2026-02-08
Mésange nonnette,Poecile palustris,4,FR-IDF,2026-02-21
Mésange nonnette,Poecile palustris,2,FR-IDF,2026-03-21
Mésange nonnette,Poecile palustris,2,FR-IDF,2026-03-07
Mésange nonnette,Poecile palustris,3,FR-IDF,2026-04-25
Mésange nonnette,Poecile palustris,4,FR-IDF,2026-04-04
Mésange nonnette,Poecile palustris,5,FR-IDF,2025-12-13
Mésange nonnette,Poecile palustris,4,FR-IDF,2026-04-25
Mésange bleue,Cyanistes caeruleus,2,FR-OCC,2025-07-30
Mésange bleue,Cyanistes caeruleus,2,FR-OCC,2025-08-01
Mésange bleue,Cyanistes caeruleus,2,FR-OCC,2025-08-02
Mésange bleue,Cyanistes caeruleus,1,FR-OCC,2025-07-29
Mésange bleue,Cyanistes caeruleus,1,FR-OCC,2025-07-30
Mésange bleue,Cyanistes caeruleus,3,FR-OCC,2025-08-01
Mésange bleue,Cyanistes caeruleus,3,FR-OCC,2025-08-02
Mésange bleue,Cyanistes caeruleus,1,FR-OCC,2025-07-29
Mésange bleue,Cyanistes caeruleus,5,FR-BFC,2025-08-09
Mésange bleue,Cyanistes caeruleus,5,ES-CT,2025-10-12
Mésange bleue,Cyanistes caeruleus,4,FR-BFC,2025-08-11
Mésange bleue,Cyanistes caeruleus,2,FR-BFC,2025-08-09
Mésange bleue,Cyanistes caeruleus,2,FR-IDF,2026-04-18
Mésange bleue,Cyanistes caeruleus,6,FR-IDF,2026-02-28
Mésange bleue,Cyanistes caeruleus,15,FR-IDF,2026-02-28
Mésange bleue,Cyanistes caeruleus,8,FR-IDF,2026-02-28
Mésange bleue,Cyanistes caeruleus,10,FR-IDF,2026-03-21
Mésange bleue,Cyanistes caeruleus,5,FR-IDF,2025-09-08
Mésange bleue,Cyanistes caeruleus,3,FR-IDF,2025-09-29
Mésange bleue,Cyanistes caeruleus,3,FR-IDF,2025-11-18
Mésange bleue,Cyanistes caeruleus,5,FR-IDF,2025-11-24
Mésange bleue,Cyanistes caeruleus,10,FR-IDF,2025-12-05
Mésange bleue,Cyanistes caeruleus,6,FR-IDF,2025-12-08
Mésange bleue,Cyanistes caeruleus,10,FR-IDF,2025-12-16
Mésange bleue,Cyanistes caeruleus,6,FR-IDF,2026-01-07
Mésange bleue,Cyanistes caeruleus,10,FR-IDF,2026-01-13
Mésange bleue,Cyanistes caeruleus,20,FR-IDF,2026-01-17
Mésange bleue,Cyanistes caeruleus,20,FR-IDF,2026-01-18
Mésange bleue,Cyanistes caeruleus,8,FR-IDF,2026-01-18
Mésange bleue,Cyanistes caeruleus,16,FR-IDF,2026-01-19
Mésange bleue,Cyanistes caeruleus,20,FR-IDF,2026-01-30
Mésange bleue,Cyanistes caeruleus,12,FR-IDF,2026-01-31
Mésange bleue,Cyanistes caeruleus,12,FR-IDF,2026-02-02
Mésange bleue,Cyanistes caeruleus,25,FR-IDF,2026-02-07
Mésange bleue,Cyanistes caeruleus,10,FR-IDF,2026-02-08
Mésange bleue,Cyanistes caeruleus,15,FR-IDF,2026-02-17
Mésange bleue,Cyanistes caeruleus,10,FR-IDF,2026-02-21
Mésange bleue,Cyanistes caeruleus,18,FR-IDF,2026-02-28
Mésange bleue,Cyanistes caeruleus,15,FR-IDF,2026-03-07
Mésange bleue,Cyanistes caeruleus,6,FR-IDF,2026-03-07
Mésange bleue,Cyanistes caeruleus,22,FR-IDF,2026-03-09
Mésange bleue,Cyanistes caeruleus,8,FR-IDF,2026-03-10
Mésange bleue,Cyanistes caeruleus,16,FR-IDF,2026-03-17
Mésange bleue,Cyanistes caeruleus,4,FR-IDF,2026-03-21
Mésange bleue,Cyanistes caeruleus,13,FR-IDF,2026-03-22
Mésange bleue,Cyanistes caeruleus,18,FR-IDF,2026-01-18
Mésange bleue,Cyanistes caeruleus,15,FR-IDF,2026-01-18
Mésange bleue,Cyanistes caeruleus,26,FR-IDF,2026-02-08
Mésange bleue,Cyanistes caeruleus,15,FR-IDF,2026-02-08
Mésange bleue,Cyanistes caeruleus,18,FR-IDF,2026-02-21
Mésange bleue,Cyanistes caeruleus,4,FR-IDF,2026-02-28
Mésange bleue,Cyanistes caeruleus,12,FR-IDF,2026-02-28
Mésange bleue,Cyanistes caeruleus,4,FR-IDF,2026-03-21
Mésange bleue,Cyanistes caeruleus,10,FR-IDF,2026-03-07
Mésange bleue,Cyanistes caeruleus,4,FR-IDF,2026-04-04
Mésange bleue,Cyanistes caeruleus,2,FR-IDF,2026-04-04
Mésange bleue,Cyanistes caeruleus,8,FR-IDF,2026-04-06
Mésange bleue,Cyanistes caeruleus,4,FR-IDF,2026-01-04
Mésange bleue,Cyanistes caeruleus,10,FR-IDF,2026-02-28
Mésange bleue,Cyanistes caeruleus,4,FR-IDF,2026-04-18
Mésange bleue,Cyanistes caeruleus,2,FR-IDF,2025-09-09
Mésange bleue,Cyanistes caeruleus,2,FR-IDF,2025-09-17
Mésange bleue,Cyanistes caeruleus,1,FR-IDF,2026-03-20
Mésange bleue,Cyanistes caeruleus,6,FR-IDF,2026-04-04
Mésange bleue,Cyanistes caeruleus,2,FR-IDF,2025-08-15
Mésange bleue,Cyanistes caeruleus,2,FR-IDF,2025-08-31
Mésange bleue,Cyanistes caeruleus,1,FR-IDF,2025-11-30
Mésange bleue,Cyanistes caeruleus,5,FR-IDF,2026-03-02
Mésange bleue,Cyanistes caeruleus,8,FR-IDF,2026-04-06
Mésange bleue,Cyanistes caeruleus,4,FR-IDF,2026-04-12
Mésange bleue,Cyanistes caeruleus,8,FR-IDF,2026-04-12
Mésange bleue,Cyanistes caeruleus,2,FR-IDF,2026-04-18
Mésange bleue,Cyanistes caeruleus,5,FR-IDF,2026-04-25
Mésange bleue,Cyanistes caeruleus,6,FR-IDF,2026-04-04
Mésange bleue,Cyanistes caeruleus,10,FR-IDF,2026-04-04
Mésange bleue,Cyanistes caeruleus,2,FR-IDF,2026-04-04
Mésange bleue,Cyanistes caeruleus,6,FR-IDF,2026-04-06
Mésange bleue,Cyanistes caeruleus,4,FR-IDF,2026-04-06
Mésange bleue,Cyanistes caeruleus,8,FR-IDF,2026-04-06
Mésange bleue,Cyanistes caeruleus,6,FR-IDF,2026-04-26
Mésange charbonnière,Parus major,4,FR-OCC,2025-08-02
Mésange charbonnière,Parus major,1,FR-OCC,2025-07-29
Mésange charbonnière,Parus major,1,FR-OCC,2025-07-31
Mésange charbonnière,Parus major,1,FR-OCC,2025-08-01
Mésange charbonnière,Parus major,4,FR-BFC,2025-08-11
Mésange charbonnière,Parus major,4,FR-IDF,2026-04-18
Mésange charbonnière,Parus major,5,FR-IDF,2026-04-12
Mésange charbonnière,Parus major,10,FR-IDF,2026-02-28
Mésange charbonnière,Parus major,10,FR-IDF,2026-02-28
Mésange charbonnière,Parus major,13,FR-IDF,2026-02-28
Mésange charbonnière,Parus major,12,FR-IDF,2026-03-21
Mésange charbonnière,Parus major,5,FR-IDF,2025-09-08
Mésange charbonnière,Parus major,2,FR-IDF,2025-09-14
Mésange charbonnière,Parus major,2,FR-IDF,2025-09-29
Mésange charbonnière,Parus major,2,FR-IDF,2025-11-04
Mésange charbonnière,Parus major,1,FR-IDF,2025-11-18
Mésange charbonnière,Parus major,1,FR-IDF,2025-12-05
Mésange charbonnière,Parus major,6,FR-IDF,2025-12-08
Mésange charbonnière,Parus major,8,FR-IDF,2025-12-16
Mésange charbonnière,Parus major,6,FR-IDF,2026-01-07
Mésange charbonnière,Parus major,4,FR-IDF,2026-01-13
Mésange charbonnière,Parus major,16,FR-IDF,2026-01-17
Mésange charbonnière,Parus major,6,FR-IDF,2026-01-18
Mésange charbonnière,Parus major,2,FR-IDF,2026-01-18
Mésange charbonnière,Parus major,6,FR-IDF,2026-01-19
Mésange charbonnière,Parus major,2,FR-IDF,2026-01-25
Mésange charbonnière,Parus major,4,FR-IDF,2026-01-30
Mésange charbonnière,Parus major,2,FR-IDF,2026-01-31
Mésange charbonnière,Parus major,5,FR-IDF,2026-02-02
Mésange charbonnière,Parus major,20,FR-IDF,2026-02-07
Mésange charbonnière,Parus major,8,FR-IDF,2026-02-08
Mésange charbonnière,Parus major,10,FR-IDF,2026-02-17
Mésange charbonnière,Parus major,6,FR-IDF,2026-02-21
Mésange charbonnière,Parus major,12,FR-IDF,2026-02-28
Mésange charbonnière,Parus major,12,FR-IDF,2026-03-07
Mésange charbonnière,Parus major,3,FR-IDF,2026-03-07
Mésange charbonnière,Parus major,6,FR-IDF,2026-03-09
Mésange charbonnière,Parus major,5,FR-IDF,2026-03-10
Mésange charbonnière,Parus major,12,FR-IDF,2026-03-17
Mésange charbonnière,Parus major,4,FR-IDF,2026-03-21
Mésange charbonnière,Parus major,7,FR-IDF,2026-03-22
Mésange charbonnière,Parus major,4,FR-IDF,2026-04-19
Mésange charbonnière,Parus major,10,FR-IDF,2026-01-18
Mésange charbonnière,Parus major,10,FR-IDF,2026-01-18
Mésange charbonnière,Parus major,20,FR-IDF,2026-02-08
Mésange charbonnière,Parus major,12,FR-IDF,2026-02-08
Mésange charbonnière,Parus major,10,FR-IDF,2026-02-21
Mésange charbonnière,Parus major,2,FR-IDF,2026-02-28
Mésange charbonnière,Parus major,10,FR-IDF,2026-02-28
Mésange charbonnière,Parus major,4,FR-IDF,2025-08-30
Mésange charbonnière,Parus major,4,FR-IDF,2026-03-21
Mésange charbonnière,Parus major,8,FR-IDF,2026-03-07
Mésange charbonnière,Parus major,4,FR-IDF,2026-04-04
Mésange charbonnière,Parus major,4,FR-IDF,2026-04-04
Mésange charbonnière,Parus major,8,FR-IDF,2026-02-28
Mésange charbonnière,Parus major,6,FR-IDF,2026-04-18
Mésange charbonnière,Parus major,2,FR-IDF,2026-04-25
Mésange charbonnière,Parus major,1,FR-IDF,2025-09-02
Mésange charbonnière,Parus major,2,FR-IDF,2025-09-09
Mésange charbonnière,Parus major,1,FR-IDF,2026-03-20
Mésange charbonnière,Parus major,9,FR-IDF,2026-04-04
Mésange charbonnière,Parus major,4,FR-IDF,2025-08-31
Mésange charbonnière,Parus major,4,FR-IDF,2025-09-27
Mésange charbonnière,Parus major,2,FR-IDF,2025-10-06
Mésange charbonnière,Parus major,1,FR-IDF,2025-11-30
Mésange charbonnière,Parus major,3,FR-IDF,2025-12-13
Mésange charbonnière,Parus major,2,FR-IDF,2026-03-02
Mésange charbonnière,Parus major,4,FR-IDF,2026-04-06
Mésange charbonnière,Parus major,2,FR-IDF,2026-04-12
Mésange charbonnière,Parus major,6,FR-IDF,2026-04-12
Mésange charbonnière,Parus major,5,FR-IDF,2026-04-18
Mésange charbonnière,Parus major,5,FR-IDF,2026-04-25
Mésange charbonnière,Parus major,6,FR-IDF,2026-04-04
Mésange charbonnière,Parus major,12,FR-IDF,2026-04-04
Mésange charbonnière,Parus major,4,FR-IDF,2026-04-04
Mésange charbonnière,Parus major,5,FR-IDF,2026-04-06
Mésange charbonnière,Parus major,2,FR-IDF,2026-04-06
Mésange charbonnière,Parus major,4,FR-IDF,2026-04-06
Mésange charbonnière,Parus major,8,FR-IDF,2026-04-26
Mésange d'Asie,Parus cinereus,X,JP-13,2026-05-16
Mésange d'Asie,Parus cinereus,X,JP-13,2026-05-14
Hirondelle de rochers,Ptyonoprogne rupestris,10,FR-OCC,2025-07-26
Hirondelle de rochers,Ptyonoprogne rupestris,X,FR-OCC,2025-07-28
Hirondelle de rochers,Ptyonoprogne rupestris,3,FR-OCC,2025-07-29
Hirondelle rustique,Hirundo rustica,8,FR-OCC,2025-07-30
Hirondelle rustique,Hirundo rustica,X,JP-13,2026-05-17
Hirondelle rustique,Hirundo rustica,10,JP-26,2026-05-19
Hirondelle rustique,Hirundo rustica,X,JP-26,2026-05-19
Hirondelle rustique,Hirundo rustica,X,JP-29,2026-05-23
Hirondelle de fenêtre,Delichon urbicum,X,FR-OCC,2025-07-27
Hirondelle de fenêtre,Delichon urbicum,X,FR-OCC,2025-07-24
Hirondelle de fenêtre,Delichon urbicum,2,FR-IDF,2025-08-31
Hirondelle de fenêtre,Delichon urbicum,5,FR-IDF,2025-08-16
Hirondelle de fenêtre,Delichon urbicum,15,FR-IDF,2025-08-24
Hirondelle de fenêtre,Delichon urbicum,8,FR-IDF,2025-08-17
Hirondelle de Bonaparte,Delichon dasypus,X,JP-13,2026-05-17
Bulbul à oreillons bruns,Hypsipetes amaurotis,X,JP-13,2026-05-16
Bulbul à oreillons bruns,Hypsipetes amaurotis,X,JP-13,2026-05-17
Bulbul à oreillons bruns,Hypsipetes amaurotis,X,JP-13,2026-05-17
Bulbul à oreillons bruns,Hypsipetes amaurotis,X,JP-26,2026-05-19
Bulbul à oreillons bruns,Hypsipetes amaurotis,X,JP-29,2026-05-23
Bulbul à oreillons bruns,Hypsipetes amaurotis,X,JP-13,2026-05-15
Bulbul à oreillons bruns,Hypsipetes amaurotis,2,JP-13,2026-05-14
Pouillot fitis,Phylloscopus trochilus,2,FR-IDF,2026-04-12
Pouillot fitis,Phylloscopus trochilus,1,FR-IDF,2026-04-04
Pouillot fitis,Phylloscopus trochilus,1,FR-IDF,2026-04-06
Pouillot véloce,Phylloscopus collybita,4,FR-OCC,2025-08-01
Pouillot véloce,Phylloscopus collybita,2,FR-OCC,2025-07-30
Pouillot véloce,Phylloscopus collybita,3,FR-OCC,2025-08-02
Pouillot véloce,Phylloscopus collybita,3,FR-OCC,2025-07-29
Pouillot véloce,Phylloscopus collybita,7,FR-OCC,2025-07-31
Pouillot véloce,Phylloscopus collybita,2,FR-OCC,2025-07-31
Pouillot véloce,Phylloscopus collybita,8,FR-OCC,2025-08-01
Pouillot véloce,Phylloscopus collybita,4,FR-IDF,2026-04-18
Pouillot véloce,Phylloscopus collybita,2,FR-IDF,2026-04-26
Pouillot véloce,Phylloscopus collybita,8,FR-IDF,2026-04-12
Pouillot véloce,Phylloscopus collybita,4,FR-IDF,2025-09-06
Pouillot véloce,Phylloscopus collybita,6,FR-IDF,2025-08-23
Pouillot véloce,Phylloscopus collybita,3,FR-IDF,2026-02-28
Pouillot véloce,Phylloscopus collybita,16,FR-IDF,2026-03-21
Pouillot véloce,Phylloscopus collybita,4,FR-IDF,2025-09-29
Pouillot véloce,Phylloscopus collybita,2,FR-IDF,2026-02-07
Pouillot véloce,Phylloscopus collybita,1,FR-IDF,2026-02-28
Pouillot véloce,Phylloscopus collybita,13,FR-IDF,2026-03-07
Pouillot véloce,Phylloscopus collybita,4,FR-IDF,2026-03-07
Pouillot véloce,Phylloscopus collybita,10,FR-IDF,2026-03-09
Pouillot véloce,Phylloscopus collybita,5,FR-IDF,2026-03-10
Pouillot véloce,Phylloscopus collybita,10,FR-IDF,2026-03-17
Pouillot véloce,Phylloscopus collybita,4,FR-IDF,2026-03-21
Pouillot véloce,Phylloscopus collybita,8,FR-IDF,2026-03-22
Pouillot véloce,Phylloscopus collybita,3,FR-IDF,2026-04-19
Pouillot véloce,Phylloscopus collybita,5,FR-IDF,2026-04-21
Pouillot véloce,Phylloscopus collybita,3,FR-IDF,2025-08-23
Pouillot véloce,Phylloscopus collybita,3,FR-IDF,2025-08-30
Pouillot véloce,Phylloscopus collybita,6,FR-IDF,2026-03-21
Pouillot véloce,Phylloscopus collybita,1,FR-IDF,2025-08-24
Pouillot véloce,Phylloscopus collybita,4,FR-IDF,2025-08-24
Pouillot véloce,Phylloscopus collybita,9,FR-IDF,2026-03-07
Pouillot véloce,Phylloscopus collybita,1,FR-IDF,2026-04-04
Pouillot véloce,Phylloscopus collybita,5,FR-IDF,2026-04-06
Pouillot véloce,Phylloscopus collybita,6,FR-IDF,2026-04-26
Pouillot véloce,Phylloscopus collybita,6,FR-IDF,2026-04-18
Pouillot véloce,Phylloscopus collybita,6,FR-IDF,2026-04-25
Pouillot véloce,Phylloscopus collybita,1,FR-IDF,2025-09-02
Pouillot véloce,Phylloscopus collybita,3,FR-IDF,2025-08-16
Pouillot véloce,Phylloscopus collybita,3,FR-IDF,2025-08-17
Pouillot véloce,Phylloscopus collybita,6,FR-IDF,2025-08-24
Pouillot véloce,Phylloscopus collybita,7,FR-IDF,2026-04-04
Pouillot véloce,Phylloscopus collybita,1,FR-IDF,2026-03-02
Pouillot véloce,Phylloscopus collybita,4,FR-IDF,2026-04-06
Pouillot véloce,Phylloscopus collybita,2,FR-IDF,2026-04-12
Pouillot véloce,Phylloscopus collybita,16,FR-IDF,2026-04-12
Pouillot véloce,Phylloscopus collybita,6,FR-IDF,2026-04-12
Pouillot véloce,Phylloscopus collybita,8,FR-IDF,2026-04-18
Pouillot véloce,Phylloscopus collybita,5,FR-IDF,2026-04-25
Pouillot véloce,Phylloscopus collybita,11,FR-IDF,2026-04-04
Pouillot véloce,Phylloscopus collybita,6,FR-IDF,2026-04-04
Pouillot véloce,Phylloscopus collybita,6,FR-IDF,2026-04-06
Pouillot véloce,Phylloscopus collybita,4,FR-IDF,2026-04-06
Pouillot véloce,Phylloscopus collybita,8,FR-IDF,2026-04-06
Pouillot véloce,Phylloscopus collybita,12,FR-IDF,2026-04-26
Bouscarle chanteuse,Horornis diphone,X,JP-13,2026-05-17
Bouscarle chanteuse,Horornis diphone,X,JP-13,2026-05-17
Bouscarle chanteuse,Horornis diphone,X,JP-26,2026-05-19
Bouscarle chanteuse,Horornis diphone,X,JP-29,2026-05-23
Orite à longue queue,Aegithalos caudatus,1,FR-OCC,2025-08-02
Orite à longue queue,Aegithalos caudatus,1,FR-OCC,2025-08-01
Orite à longue queue,Aegithalos caudatus,6,FR-IDF,2026-02-28
Orite à longue queue,Aegithalos caudatus,2,FR-IDF,2026-03-21
Orite à longue queue,Aegithalos caudatus,1,FR-IDF,2025-09-29
Orite à longue queue,Aegithalos caudatus,6,FR-IDF,2025-11-18
Orite à longue queue,Aegithalos caudatus,20,FR-IDF,2025-11-24
Orite à longue queue,Aegithalos caudatus,16,FR-IDF,2026-01-17
Orite à longue queue,Aegithalos caudatus,4,FR-IDF,2026-01-18
Orite à longue queue,Aegithalos caudatus,4,FR-IDF,2026-01-18
Orite à longue queue,Aegithalos caudatus,4,FR-IDF,2026-01-19
Orite à longue queue,Aegithalos caudatus,15,FR-IDF,2026-02-07
Orite à longue queue,Aegithalos caudatus,1,FR-IDF,2026-02-17
Orite à longue queue,Aegithalos caudatus,4,FR-IDF,2026-02-28
Orite à longue queue,Aegithalos caudatus,2,FR-IDF,2026-03-09
Orite à longue queue,Aegithalos caudatus,5,FR-IDF,2026-03-22
Orite à longue queue,Aegithalos caudatus,3,FR-IDF,2026-04-19
Orite à longue queue,Aegithalos caudatus,18,FR-IDF,2026-02-08
Orite à longue queue,Aegithalos caudatus,2,FR-IDF,2026-02-28
Orite à longue queue,Aegithalos caudatus,2,FR-IDF,2026-02-28
Orite à longue queue,Aegithalos caudatus,2,FR-IDF,2026-02-28
Orite à longue queue,Aegithalos caudatus,3,FR-IDF,2026-04-25
Orite à longue queue,Aegithalos caudatus,2,FR-IDF,2026-04-06
Orite à longue queue,Aegithalos caudatus,4,FR-IDF,2026-04-04
Fauvette à tête noire,Sylvia atricapilla,X,FR-OCC,2025-07-26
Fauvette à tête noire,Sylvia atricapilla,X,FR-OCC,2025-07-26
Fauvette à tête noire,Sylvia atricapilla,1,FR-OCC,2025-08-01
Fauvette à tête noire,Sylvia atricapilla,2,FR-IDF,2026-04-12
Fauvette à tête noire,Sylvia atricapilla,1,FR-IDF,2026-02-28
Fauvette à tête noire,Sylvia atricapilla,4,FR-IDF,2026-02-28
Fauvette à tête noire,Sylvia atricapilla,2,FR-IDF,2026-03-21
Fauvette à tête noire,Sylvia atricapilla,1,FR-IDF,2025-09-08
Fauvette à tête noire,Sylvia atricapilla,1,FR-IDF,2025-09-14
Fauvette à tête noire,Sylvia atricapilla,1,FR-IDF,2026-02-02
Fauvette à tête noire,Sylvia atricapilla,1,FR-IDF,2026-02-07
Fauvette à tête noire,Sylvia atricapilla,1,FR-IDF,2026-02-08
Fauvette à tête noire,Sylvia atricapilla,3,FR-IDF,2026-03-07
Fauvette à tête noire,Sylvia atricapilla,2,FR-IDF,2026-03-09
Fauvette à tête noire,Sylvia atricapilla,1,FR-IDF,2026-03-17
Fauvette à tête noire,Sylvia atricapilla,1,FR-IDF,2026-03-21
Fauvette à tête noire,Sylvia atricapilla,4,FR-IDF,2026-04-19
Fauvette à tête noire,Sylvia atricapilla,1,FR-IDF,2026-01-18
Fauvette à tête noire,Sylvia atricapilla,1,FR-IDF,2026-01-18
Fauvette à tête noire,Sylvia atricapilla,1,FR-IDF,2026-02-08
Fauvette à tête noire,Sylvia atricapilla,3,FR-IDF,2026-03-07
Fauvette à tête noire,Sylvia atricapilla,2,FR-IDF,2026-04-04
Fauvette à tête noire,Sylvia atricapilla,2,FR-IDF,2026-04-06
Fauvette à tête noire,Sylvia atricapilla,4,FR-IDF,2026-04-26
Fauvette à tête noire,Sylvia atricapilla,2,FR-IDF,2026-02-28
Fauvette à tête noire,Sylvia atricapilla,2,FR-IDF,2026-04-18
Fauvette à tête noire,Sylvia atricapilla,5,FR-IDF,2026-04-25
Fauvette à tête noire,Sylvia atricapilla,3,FR-IDF,2026-04-04
Fauvette à tête noire,Sylvia atricapilla,2,FR-IDF,2026-04-06
Fauvette à tête noire,Sylvia atricapilla,5,FR-IDF,2026-04-12
Fauvette à tête noire,Sylvia atricapilla,3,FR-IDF,2026-04-12
Fauvette à tête noire,Sylvia atricapilla,3,FR-IDF,2026-04-18
Fauvette à tête noire,Sylvia atricapilla,5,FR-IDF,2026-04-25
Fauvette à tête noire,Sylvia atricapilla,2,FR-IDF,2026-04-04
Fauvette à tête noire,Sylvia atricapilla,10,FR-IDF,2026-04-04
Fauvette à tête noire,Sylvia atricapilla,4,FR-IDF,2026-04-04
Fauvette à tête noire,Sylvia atricapilla,4,FR-IDF,2026-04-06
Fauvette à tête noire,Sylvia atricapilla,2,FR-IDF,2026-04-06
Fauvette à tête noire,Sylvia atricapilla,5,FR-IDF,2026-04-06
Fauvette à tête noire,Sylvia atricapilla,7,FR-IDF,2026-04-26
Fauvette mélanocéphale,Curruca melanocephala,2,ES-CT,2025-10-11
Zostérops du Japon,Zosterops japonicus,X,JP-26,2026-05-19
Zostérops du Japon,Zosterops japonicus,X,JP-13,2026-05-15
Léiothrix jaune,Leiothrix lutea,X,JP-13,2026-05-17
Garrulaxe hoamy,Garrulax canorus,X,JP-13,2026-05-17
Roitelet huppé,Regulus regulus,3,FR-OCC,2025-08-01
Roitelet huppé,Regulus regulus,1,FR-OCC,2025-07-29
Roitelet huppé,Regulus regulus,2,FR-OCC,2025-07-31
Roitelet huppé,Regulus regulus,1,FR-OCC,2025-08-01
Roitelet huppé,Regulus regulus,1,FR-IDF,2026-02-28
Roitelet huppé,Regulus regulus,1,FR-IDF,2025-11-18
Roitelet huppé,Regulus regulus,2,FR-IDF,2025-11-24
Roitelet huppé,Regulus regulus,1,FR-IDF,2026-02-02
Roitelet huppé,Regulus regulus,1,FR-IDF,2026-02-17
Roitelet huppé,Regulus regulus,4,FR-IDF,2026-01-18
Roitelet huppé,Regulus regulus,3,FR-IDF,2026-02-08
Roitelet à triple bandeau,Regulus ignicapilla,1,FR-OCC,2025-08-02
Roitelet à triple bandeau,Regulus ignicapilla,2,ES-CT,2025-10-10
Roitelet à triple bandeau,Regulus ignicapilla,2,FR-IDF,2026-02-28
Roitelet à triple bandeau,Regulus ignicapilla,1,FR-IDF,2026-02-28
Roitelet à triple bandeau,Regulus ignicapilla,2,FR-IDF,2026-02-28
Roitelet à triple bandeau,Regulus ignicapilla,4,FR-IDF,2026-03-21
Roitelet à triple bandeau,Regulus ignicapilla,2,FR-IDF,2025-09-08
Roitelet à triple bandeau,Regulus ignicapilla,1,FR-IDF,2025-12-16
Roitelet à triple bandeau,Regulus ignicapilla,2,FR-IDF,2026-01-19
Roitelet à triple bandeau,Regulus ignicapilla,1,FR-IDF,2026-02-02
Roitelet à triple bandeau,Regulus ignicapilla,2,FR-IDF,2026-02-07
Roitelet à triple bandeau,Regulus ignicapilla,2,FR-IDF,2026-02-17
Roitelet à triple bandeau,Regulus ignicapilla,2,FR-IDF,2026-02-21
Roitelet à triple bandeau,Regulus ignicapilla,5,FR-IDF,2026-03-07
Roitelet à triple bandeau,Regulus ignicapilla,1,FR-IDF,2026-03-07
Roitelet à triple bandeau,Regulus ignicapilla,6,FR-IDF,2026-03-09
Roitelet à triple bandeau,Regulus ignicapilla,5,FR-IDF,2026-03-10
Roitelet à triple bandeau,Regulus ignicapilla,6,FR-IDF,2026-03-17
Roitelet à triple bandeau,Regulus ignicapilla,2,FR-IDF,2026-03-22
Roitelet à triple bandeau,Regulus ignicapilla,2,FR-IDF,2026-01-18
Roitelet à triple bandeau,Regulus ignicapilla,6,FR-IDF,2026-02-08
Roitelet à triple bandeau,Regulus ignicapilla,2,FR-IDF,2026-02-08
Roitelet à triple bandeau,Regulus ignicapilla,1,FR-IDF,2026-02-28
Roitelet à triple bandeau,Regulus ignicapilla,2,FR-IDF,2026-03-21
Roitelet à triple bandeau,Regulus ignicapilla,2,FR-IDF,2026-03-07
Roitelet à triple bandeau,Regulus ignicapilla,4,FR-IDF,2026-04-06
Roitelet à triple bandeau,Regulus ignicapilla,3,FR-IDF,2026-02-28
Roitelet à triple bandeau,Regulus ignicapilla,2,FR-IDF,2026-04-12
Roitelet à triple bandeau,Regulus ignicapilla,8,FR-IDF,2026-04-04
Roitelet à triple bandeau,Regulus ignicapilla,2,FR-IDF,2026-04-06
Roitelet à triple bandeau,Regulus ignicapilla,2,FR-IDF,2026-04-06
Sittelle torchepot,Sitta europaea,1,FR-OCC,2025-07-31
Sittelle torchepot,Sitta europaea,1,FR-IDF,2026-04-12
Sittelle torchepot,Sitta europaea,1,FR-IDF,2026-02-28
Sittelle torchepot,Sitta europaea,1,FR-IDF,2026-02-28
Sittelle torchepot,Sitta europaea,2,FR-IDF,2026-02-28
Sittelle torchepot,Sitta europaea,4,FR-IDF,2026-03-21
Sittelle torchepot,Sitta europaea,1,FR-IDF,2025-12-16
Sittelle torchepot,Sitta europaea,1,FR-IDF,2026-01-17
Sittelle torchepot,Sitta europaea,1,FR-IDF,2026-02-02
Sittelle torchepot,Sitta europaea,1,FR-IDF,2026-02-07
Sittelle torchepot,Sitta europaea,1,FR-IDF,2026-02-17
Sittelle torchepot,Sitta europaea,2,FR-IDF,2026-02-21
Sittelle torchepot,Sitta europaea,1,FR-IDF,2026-02-28
Sittelle torchepot,Sitta europaea,4,FR-IDF,2026-03-07
Sittelle torchepot,Sitta europaea,2,FR-IDF,2026-03-07
Sittelle torchepot,Sitta europaea,6,FR-IDF,2026-03-09
Sittelle torchepot,Sitta europaea,3,FR-IDF,2026-03-17
Sittelle torchepot,Sitta europaea,2,FR-IDF,2026-03-21
Sittelle torchepot,Sitta europaea,1,FR-IDF,2026-04-19
Sittelle torchepot,Sitta europaea,1,FR-IDF,2026-04-21
Sittelle torchepot,Sitta europaea,1,FR-IDF,2026-01-18
Sittelle torchepot,Sitta europaea,3,FR-IDF,2026-02-08
Sittelle torchepot,Sitta europaea,2,FR-IDF,2026-02-08
Sittelle torchepot,Sitta europaea,4,FR-IDF,2026-03-21
Sittelle torchepot,Sitta europaea,2,FR-IDF,2026-03-07
Sittelle torchepot,Sitta europaea,3,FR-IDF,2026-04-18
Sittelle torchepot,Sitta europaea,1,FR-IDF,2026-04-25
Sittelle torchepot,Sitta europaea,1,FR-IDF,2026-04-04
Sittelle torchepot,Sitta europaea,1,FR-IDF,2026-04-12
Sittelle torchepot,Sitta europaea,3,FR-IDF,2026-04-04
Sittelle torchepot,Sitta europaea,1,FR-IDF,2026-04-04
Sittelle torchepot,Sitta europaea,1,FR-IDF,2026-04-06
Sittelle torchepot,Sitta europaea,2,FR-IDF,2026-04-06
Sittelle torchepot,Sitta europaea,1,FR-IDF,2026-04-26
Grimpereau des bois,Certhia familiaris,1,FR-OCC,2025-08-01
Grimpereau des bois,Certhia familiaris,3,FR-OCC,2025-07-29
Grimpereau des jardins,Certhia brachydactyla,1,FR-OCC,2025-08-01
Grimpereau des jardins,Certhia brachydactyla,4,FR-OCC,2025-08-02
Grimpereau des jardins,Certhia brachydactyla,1,ES-CT,2025-10-11
Grimpereau des jardins,Certhia brachydactyla,2,FR-BFC,2025-08-11
Grimpereau des jardins,Certhia brachydactyla,2,FR-IDF,2026-04-12
Grimpereau des jardins,Certhia brachydactyla,2,FR-IDF,2026-02-28
Grimpereau des jardins,Certhia brachydactyla,4,FR-IDF,2026-03-21
Grimpereau des jardins,Certhia brachydactyla,1,FR-IDF,2025-08-31
Grimpereau des jardins,Certhia brachydactyla,5,FR-IDF,2025-09-08
Grimpereau des jardins,Certhia brachydactyla,8,FR-IDF,2025-09-29
Grimpereau des jardins,Certhia brachydactyla,1,FR-IDF,2025-11-03
Grimpereau des jardins,Certhia brachydactyla,3,FR-IDF,2025-11-18
Grimpereau des jardins,Certhia brachydactyla,5,FR-IDF,2025-11-24
Grimpereau des jardins,Certhia brachydactyla,5,FR-IDF,2025-12-05
Grimpereau des jardins,Certhia brachydactyla,5,FR-IDF,2025-12-08
Grimpereau des jardins,Certhia brachydactyla,5,FR-IDF,2025-12-16
Grimpereau des jardins,Certhia brachydactyla,8,FR-IDF,2026-01-17
Grimpereau des jardins,Certhia brachydactyla,2,FR-IDF,2026-01-19
Grimpereau des jardins,Certhia brachydactyla,1,FR-IDF,2026-01-25
Grimpereau des jardins,Certhia brachydactyla,1,FR-IDF,2026-01-30
Grimpereau des jardins,Certhia brachydactyla,2,FR-IDF,2026-01-31
Grimpereau des jardins,Certhia brachydactyla,8,FR-IDF,2026-02-07
Grimpereau des jardins,Certhia brachydactyla,2,FR-IDF,2026-02-08
Grimpereau des jardins,Certhia brachydactyla,2,FR-IDF,2026-02-17
Grimpereau des jardins,Certhia brachydactyla,3,FR-IDF,2026-02-21
Grimpereau des jardins,Certhia brachydactyla,3,FR-IDF,2026-02-28
Grimpereau des jardins,Certhia brachydactyla,4,FR-IDF,2026-03-07
Grimpereau des jardins,Certhia brachydactyla,4,FR-IDF,2026-03-09
Grimpereau des jardins,Certhia brachydactyla,2,FR-IDF,2026-03-21
Grimpereau des jardins,Certhia brachydactyla,2,FR-IDF,2026-03-22
Grimpereau des jardins,Certhia brachydactyla,2,FR-IDF,2026-04-19
Grimpereau des jardins,Certhia brachydactyla,1,FR-IDF,2026-04-21
Grimpereau des jardins,Certhia brachydactyla,8,FR-IDF,2026-01-18
Grimpereau des jardins,Certhia brachydactyla,6,FR-IDF,2026-01-18
Grimpereau des jardins,Certhia brachydactyla,13,FR-IDF,2026-02-08
Grimpereau des jardins,Certhia brachydactyla,2,FR-IDF,2026-02-08
Grimpereau des jardins,Certhia brachydactyla,2,FR-IDF,2026-02-21
Grimpereau des jardins,Certhia brachydactyla,5,FR-IDF,2026-02-28
Grimpereau des jardins,Certhia brachydactyla,1,FR-IDF,2025-08-23
Grimpereau des jardins,Certhia brachydactyla,1,FR-IDF,2025-08-30
Grimpereau des jardins,Certhia brachydactyla,2,FR-IDF,2026-03-21
Grimpereau des jardins,Certhia brachydactyla,2,FR-IDF,2026-03-07
Grimpereau des jardins,Certhia brachydactyla,2,FR-IDF,2026-04-04
Grimpereau des jardins,Certhia brachydactyla,1,FR-IDF,2026-04-04
Grimpereau des jardins,Certhia brachydactyla,2,FR-IDF,2026-04-18
Grimpereau des jardins,Certhia brachydactyla,1,FR-IDF,2026-04-25
Grimpereau des jardins,Certhia brachydactyla,4,FR-IDF,2026-04-04
Grimpereau des jardins,Certhia brachydactyla,1,FR-IDF,2025-08-31
Grimpereau des jardins,Certhia brachydactyla,2,FR-IDF,2026-04-06
Grimpereau des jardins,Certhia brachydactyla,1,FR-IDF,2026-04-25
Grimpereau des jardins,Certhia brachydactyla,2,FR-IDF,2026-04-04
Grimpereau des jardins,Certhia brachydactyla,5,FR-IDF,2026-04-04
Grimpereau des jardins,Certhia brachydactyla,2,FR-IDF,2026-04-04
Grimpereau des jardins,Certhia brachydactyla,3,FR-IDF,2026-04-06
Grimpereau des jardins,Certhia brachydactyla,3,FR-IDF,2026-04-26
Troglodyte mignon,Troglodytes troglodytes,1,FR-OCC,2025-08-01
Troglodyte mignon,Troglodytes troglodytes,1,FR-OCC,2025-07-29
Troglodyte mignon,Troglodytes troglodytes,2,FR-IDF,2026-04-18
Troglodyte mignon,Troglodytes troglodytes,3,FR-IDF,2026-02-28
Troglodyte mignon,Troglodytes troglodytes,3,FR-IDF,2026-02-28
Troglodyte mignon,Troglodytes troglodytes,6,FR-IDF,2026-02-28
Troglodyte mignon,Troglodytes troglodytes,4,FR-IDF,2026-03-21
Troglodyte mignon,Troglodytes troglodytes,1,FR-IDF,2025-08-31
Troglodyte mignon,Troglodytes troglodytes,1,FR-IDF,2025-11-03
Troglodyte mignon,Troglodytes troglodytes,1,FR-IDF,2025-11-18
Troglodyte mignon,Troglodytes troglodytes,2,FR-IDF,2025-12-16
Troglodyte mignon,Troglodytes troglodytes,1,FR-IDF,2026-01-07
Troglodyte mignon,Troglodytes troglodytes,1,FR-IDF,2026-01-17
Troglodyte mignon,Troglodytes troglodytes,2,FR-IDF,2026-01-19
Troglodyte mignon,Troglodytes troglodytes,2,FR-IDF,2026-02-02
Troglodyte mignon,Troglodytes troglodytes,5,FR-IDF,2026-02-07
Troglodyte mignon,Troglodytes troglodytes,3,FR-IDF,2026-02-08
Troglodyte mignon,Troglodytes troglodytes,2,FR-IDF,2026-02-17
Troglodyte mignon,Troglodytes troglodytes,3,FR-IDF,2026-02-21
Troglodyte mignon,Troglodytes troglodytes,3,FR-IDF,2026-02-28
Troglodyte mignon,Troglodytes troglodytes,6,FR-IDF,2026-03-07
Troglodyte mignon,Troglodytes troglodytes,1,FR-IDF,2026-03-07
Troglodyte mignon,Troglodytes troglodytes,4,FR-IDF,2026-03-09
Troglodyte mignon,Troglodytes troglodytes,2,FR-IDF,2026-03-10
Troglodyte mignon,Troglodytes troglodytes,5,FR-IDF,2026-03-17
Troglodyte mignon,Troglodytes troglodytes,1,FR-IDF,2026-03-22
Troglodyte mignon,Troglodytes troglodytes,1,FR-IDF,2026-04-21
Troglodyte mignon,Troglodytes troglodytes,2,FR-IDF,2026-01-18
Troglodyte mignon,Troglodytes troglodytes,1,FR-IDF,2026-02-28
Troglodyte mignon,Troglodytes troglodytes,1,FR-IDF,2025-08-30
Troglodyte mignon,Troglodytes troglodytes,8,FR-IDF,2026-03-07
Troglodyte mignon,Troglodytes troglodytes,2,FR-IDF,2026-04-26
Troglodyte mignon,Troglodytes troglodytes,1,FR-IDF,2026-02-28
Troglodyte mignon,Troglodytes troglodytes,2,FR-IDF,2026-04-18
Troglodyte mignon,Troglodytes troglodytes,1,FR-IDF,2026-04-25
Troglodyte mignon,Troglodytes troglodytes,2,FR-IDF,2026-04-04
Troglodyte mignon,Troglodytes troglodytes,1,FR-IDF,2025-09-27
Troglodyte mignon,Troglodytes troglodytes,1,FR-IDF,2025-11-11
Troglodyte mignon,Troglodytes troglodytes,1,FR-IDF,2026-03-02
Troglodyte mignon,Troglodytes troglodytes,2,FR-IDF,2026-04-06
Troglodyte mignon,Troglodytes troglodytes,2,FR-IDF,2026-04-12
Troglodyte mignon,Troglodytes troglodytes,6,FR-IDF,2026-04-12
Troglodyte mignon,Troglodytes troglodytes,1,FR-IDF,2026-04-12
Troglodyte mignon,Troglodytes troglodytes,4,FR-IDF,2026-04-18
Troglodyte mignon,Troglodytes troglodytes,4,FR-IDF,2026-04-25
Troglodyte mignon,Troglodytes troglodytes,6,FR-IDF,2026-04-04
Troglodyte mignon,Troglodytes troglodytes,2,FR-IDF,2026-04-04
Troglodyte mignon,Troglodytes troglodytes,2,FR-IDF,2026-04-06
Troglodyte mignon,Troglodytes troglodytes,1,FR-IDF,2026-04-06
Troglodyte mignon,Troglodytes troglodytes,4,FR-IDF,2026-04-06
Troglodyte mignon,Troglodytes troglodytes,4,FR-IDF,2026-04-26
Étourneau sansonnet,Sturnus vulgaris,1,FR-OCC,2025-08-01
Étourneau sansonnet,Sturnus vulgaris,X,FR-BFC,2025-08-11
Étourneau sansonnet,Sturnus vulgaris,2,FR-BFC,2025-08-09
Étourneau sansonnet,Sturnus vulgaris,1,FR-IDF,2026-02-28
Étourneau sansonnet,Sturnus vulgaris,2,FR-IDF,2026-03-21
Étourneau sansonnet,Sturnus vulgaris,1,FR-IDF,2026-02-28
Étourneau sansonnet,Sturnus vulgaris,8,FR-IDF,2026-01-18
Étourneau sansonnet,Sturnus vulgaris,1,FR-IDF,2026-02-08
Étourneau sansonnet,Sturnus vulgaris,4,FR-IDF,2026-02-08
Étourneau sansonnet,Sturnus vulgaris,3,FR-IDF,2026-02-28
Étourneau sansonnet,Sturnus vulgaris,2,FR-IDF,2026-02-28
Étourneau sansonnet,Sturnus vulgaris,10,FR-IDF,2025-08-16
Étourneau sansonnet,Sturnus vulgaris,6,FR-IDF,2026-04-04
Étourneau sansonnet,Sturnus vulgaris,15,FR-IDF,2025-10-06
Étourneau sansonnet,Sturnus vulgaris,2,FR-IDF,2026-04-12
Étourneau sansonnet,Sturnus vulgaris,4,FR-IDF,2026-04-04
Étourneau sansonnet,Sturnus vulgaris,2,FR-IDF,2026-04-04
Étourneau sansonnet,Sturnus vulgaris,4,FR-IDF,2026-04-06
Étourneau gris,Spodiopsar cineraceus,3,JP-13,2026-05-15
Étourneau gris,Spodiopsar cineraceus,2,JP-13,2026-05-14
Grive draine,Turdus viscivorus,1,FR-IDF,2026-02-08
Grive draine,Turdus viscivorus,1,FR-IDF,2026-03-07
Grive draine,Turdus viscivorus,2,FR-IDF,2026-04-04
Grive draine,Turdus viscivorus,1,FR-IDF,2026-04-06
Grive draine,Turdus viscivorus,1,FR-IDF,2026-04-06
Grive draine,Turdus viscivorus,1,FR-IDF,2026-04-26
Grive musicienne,Turdus philomelos,1,FR-IDF,2026-04-18
Grive musicienne,Turdus philomelos,3,FR-IDF,2026-02-28
Grive musicienne,Turdus philomelos,2,FR-IDF,2026-02-28
Grive musicienne,Turdus philomelos,5,FR-IDF,2026-02-28
Grive musicienne,Turdus philomelos,3,FR-IDF,2026-03-21
Grive musicienne,Turdus philomelos,1,FR-IDF,2026-01-17
Grive musicienne,Turdus philomelos,3,FR-IDF,2026-02-07
Grive musicienne,Turdus philomelos,2,FR-IDF,2026-02-08
Grive musicienne,Turdus philomelos,1,FR-IDF,2026-02-17
Grive musicienne,Turdus philomelos,2,FR-IDF,2026-02-28
Grive musicienne,Turdus philomelos,2,FR-IDF,2026-03-07
Grive musicienne,Turdus philomelos,1,FR-IDF,2026-03-07
Grive musicienne,Turdus philomelos,2,FR-IDF,2026-03-09
Grive musicienne,Turdus philomelos,1,FR-IDF,2026-03-10
Grive musicienne,Turdus philomelos,3,FR-IDF,2026-03-17
Grive musicienne,Turdus philomelos,1,FR-IDF,2026-03-21
Grive musicienne,Turdus philomelos,2,FR-IDF,2026-03-22
Grive musicienne,Turdus philomelos,1,FR-IDF,2026-04-19
Grive musicienne,Turdus philomelos,1,FR-IDF,2026-01-18
Grive musicienne,Turdus philomelos,8,FR-IDF,2026-02-08
Grive musicienne,Turdus philomelos,10,FR-IDF,2026-02-08
Grive musicienne,Turdus philomelos,7,FR-IDF,2026-02-21
Grive musicienne,Turdus philomelos,2,FR-IDF,2026-02-28
Grive musicienne,Turdus philomelos,2,FR-IDF,2026-03-07
Grive musicienne,Turdus philomelos,2,FR-IDF,2026-02-28
Grive musicienne,Turdus philomelos,3,FR-IDF,2026-04-18
Grive musicienne,Turdus philomelos,3,FR-IDF,2026-04-25
Grive musicienne,Turdus philomelos,1,FR-IDF,2026-04-06
Grive musicienne,Turdus philomelos,1,FR-IDF,2026-04-12
Grive musicienne,Turdus philomelos,3,FR-IDF,2026-04-12
Grive musicienne,Turdus philomelos,1,FR-IDF,2026-04-12
Grive musicienne,Turdus philomelos,4,FR-IDF,2026-04-25
Grive musicienne,Turdus philomelos,4,FR-IDF,2026-04-04
Grive musicienne,Turdus philomelos,1,FR-IDF,2026-04-06
Grive musicienne,Turdus philomelos,1,FR-IDF,2026-04-06
Grive musicienne,Turdus philomelos,3,FR-IDF,2026-04-06
Grive musicienne,Turdus philomelos,3,FR-IDF,2026-04-26
Grive mauvis,Turdus iliacus,1,FR-IDF,2026-02-28
Grive mauvis,Turdus iliacus,1,FR-IDF,2026-02-28
Grive mauvis,Turdus iliacus,2,FR-IDF,2026-02-21
Grive mauvis,Turdus iliacus,1,FR-IDF,2026-03-07
Grive mauvis,Turdus iliacus,1,FR-IDF,2026-02-28
Merle noir,Turdus merula,1,ES-CT,2025-10-12
Merle noir,Turdus merula,1,ES-CT,2025-10-13
Merle noir,Turdus merula,4,FR-BFC,2025-08-09
Merle noir,Turdus merula,3,FR-IDF,2026-04-18
Merle noir,Turdus merula,1,FR-IDF,2026-04-12
Merle noir,Turdus merula,4,FR-IDF,2026-02-28
Merle noir,Turdus merula,2,FR-IDF,2026-02-28
Merle noir,Turdus merula,6,FR-IDF,2026-02-28
Merle noir,Turdus merula,5,FR-IDF,2026-03-21
Merle noir,Turdus merula,3,FR-IDF,2026-03-17
Merle noir,Turdus merula,2,FR-IDF,2026-03-22
Merle noir,Turdus merula,4,FR-IDF,2026-04-19
Merle noir,Turdus merula,1,FR-IDF,2026-01-18
Merle noir,Turdus merula,6,FR-IDF,2026-02-08
Merle noir,Turdus merula,3,FR-IDF,2026-02-08
Merle noir,Turdus merula,7,FR-IDF,2026-02-21
Merle noir,Turdus merula,2,FR-IDF,2026-02-28
Merle noir,Turdus merula,2,FR-IDF,2026-03-21
Merle noir,Turdus merula,4,FR-IDF,2026-03-07
Merle noir,Turdus merula,1,FR-IDF,2026-04-04
Merle noir,Turdus merula,5,FR-IDF,2026-04-26
Merle noir,Turdus merula,4,FR-IDF,2026-02-28
Merle noir,Turdus merula,5,FR-IDF,2026-04-18
Merle noir,Turdus merula,5,FR-IDF,2026-04-25
Merle noir,Turdus merula,2,FR-IDF,2025-09-05
Merle noir,Turdus merula,2,FR-IDF,2026-04-04
Merle noir,Turdus merula,1,FR-IDF,2025-12-13
Merle noir,Turdus merula,2,FR-IDF,2026-04-06
Merle noir,Turdus merula,1,FR-IDF,2026-04-12
Merle noir,Turdus merula,7,FR-IDF,2026-04-12
Merle noir,Turdus merula,2,FR-IDF,2026-04-12
Merle noir,Turdus merula,3,FR-IDF,2026-04-18
Merle noir,Turdus merula,3,FR-IDF,2026-04-25
Merle noir,Turdus merula,9,FR-IDF,2026-04-04
Merle noir,Turdus merula,5,FR-IDF,2026-04-04
Merle noir,Turdus merula,3,FR-IDF,2026-04-06
Merle noir,Turdus merula,2,FR-IDF,2026-04-06
Merle noir,Turdus merula,7,FR-IDF,2026-04-06
Merle noir,Turdus merula,11,FR-IDF,2026-04-26
Rougegorge familier,Erithacus rubecula,1,FR-OCC,2025-08-02
Rougegorge familier,Erithacus rubecula,5,FR-OCC,2025-08-01
Rougegorge familier,Erithacus rubecula,2,FR-OCC,2025-07-30
Rougegorge familier,Erithacus rubecula,6,FR-OCC,2025-07-29
Rougegorge familier,Erithacus rubecula,2,FR-OCC,2025-07-31
Rougegorge familier,Erithacus rubecula,1,FR-OCC,2025-08-01
Rougegorge familier,Erithacus rubecula,2,ES-CT,2025-10-12
Rougegorge familier,Erithacus rubecula,1,ES-CT,2025-10-11
Rougegorge familier,Erithacus rubecula,2,ES-CT,2025-10-13
Rougegorge familier,Erithacus rubecula,1,FR-IDF,2026-04-26
Rougegorge familier,Erithacus rubecula,2,FR-IDF,2026-04-12
Rougegorge familier,Erithacus rubecula,10,FR-IDF,2026-02-28
Rougegorge familier,Erithacus rubecula,2,FR-IDF,2025-09-06
Rougegorge familier,Erithacus rubecula,6,FR-IDF,2026-02-28
Rougegorge familier,Erithacus rubecula,12,FR-IDF,2026-02-28
Rougegorge familier,Erithacus rubecula,10,FR-IDF,2026-03-21
Rougegorge familier,Erithacus rubecula,3,FR-IDF,2025-08-31
Rougegorge familier,Erithacus rubecula,10,FR-IDF,2025-09-08
Rougegorge familier,Erithacus rubecula,18,FR-IDF,2025-09-14
Rougegorge familier,Erithacus rubecula,32,FR-IDF,2025-09-29
Rougegorge familier,Erithacus rubecula,15,FR-IDF,2025-11-03
Rougegorge familier,Erithacus rubecula,5,FR-IDF,2025-11-04
Rougegorge familier,Erithacus rubecula,2,FR-IDF,2025-11-18
Rougegorge familier,Erithacus rubecula,6,FR-IDF,2025-11-24
Rougegorge familier,Erithacus rubecula,2,FR-IDF,2025-12-08
Rougegorge familier,Erithacus rubecula,10,FR-IDF,2025-12-16
Rougegorge familier,Erithacus rubecula,3,FR-IDF,2026-01-07
Rougegorge familier,Erithacus rubecula,2,FR-IDF,2026-01-13
Rougegorge familier,Erithacus rubecula,20,FR-IDF,2026-01-17
Rougegorge familier,Erithacus rubecula,2,FR-IDF,2026-01-18
Rougegorge familier,Erithacus rubecula,6,FR-IDF,2026-01-18
Rougegorge familier,Erithacus rubecula,8,FR-IDF,2026-01-19
Rougegorge familier,Erithacus rubecula,1,FR-IDF,2026-01-25
Rougegorge familier,Erithacus rubecula,10,FR-IDF,2026-01-30
Rougegorge familier,Erithacus rubecula,12,FR-IDF,2026-01-31
Rougegorge familier,Erithacus rubecula,8,FR-IDF,2026-02-02
Rougegorge familier,Erithacus rubecula,15,FR-IDF,2026-02-07
Rougegorge familier,Erithacus rubecula,10,FR-IDF,2026-02-08
Rougegorge familier,Erithacus rubecula,6,FR-IDF,2026-02-17
Rougegorge familier,Erithacus rubecula,10,FR-IDF,2026-02-21
Rougegorge familier,Erithacus rubecula,8,FR-IDF,2026-02-28
Rougegorge familier,Erithacus rubecula,12,FR-IDF,2026-03-07
Rougegorge familier,Erithacus rubecula,3,FR-IDF,2026-03-07
Rougegorge familier,Erithacus rubecula,12,FR-IDF,2026-03-09
Rougegorge familier,Erithacus rubecula,6,FR-IDF,2026-03-10
Rougegorge familier,Erithacus rubecula,13,FR-IDF,2026-03-17
Rougegorge familier,Erithacus rubecula,2,FR-IDF,2026-03-21
Rougegorge familier,Erithacus rubecula,13,FR-IDF,2026-03-22
Rougegorge familier,Erithacus rubecula,6,FR-IDF,2026-04-19
Rougegorge familier,Erithacus rubecula,6,FR-IDF,2026-01-18
Rougegorge familier,Erithacus rubecula,6,FR-IDF,2026-01-18
Rougegorge familier,Erithacus rubecula,12,FR-IDF,2026-02-08
Rougegorge familier,Erithacus rubecula,5,FR-IDF,2026-02-08
Rougegorge familier,Erithacus rubecula,10,FR-IDF,2026-02-21
Rougegorge familier,Erithacus rubecula,1,FR-IDF,2026-02-28
Rougegorge familier,Erithacus rubecula,8,FR-IDF,2026-02-28
Rougegorge familier,Erithacus rubecula,2,FR-IDF,2025-08-23
Rougegorge familier,Erithacus rubecula,2,FR-IDF,2025-08-30
Rougegorge familier,Erithacus rubecula,4,FR-IDF,2026-03-21
Rougegorge familier,Erithacus rubecula,1,FR-IDF,2025-08-16
Rougegorge familier,Erithacus rubecula,1,FR-IDF,2025-08-24
Rougegorge familier,Erithacus rubecula,10,FR-IDF,2026-03-07
Rougegorge familier,Erithacus rubecula,6,FR-IDF,2026-04-06
Rougegorge familier,Erithacus rubecula,13,FR-IDF,2026-04-26
Rougegorge familier,Erithacus rubecula,8,FR-IDF,2026-02-28
Rougegorge familier,Erithacus rubecula,5,FR-IDF,2026-04-18
Rougegorge familier,Erithacus rubecula,5,FR-IDF,2026-04-25
Rougegorge familier,Erithacus rubecula,1,FR-IDF,2025-09-02
Rougegorge familier,Erithacus rubecula,3,FR-IDF,2025-09-28
Rougegorge familier,Erithacus rubecula,1,FR-IDF,2025-08-16
Rougegorge familier,Erithacus rubecula,8,FR-IDF,2026-04-04
Rougegorge familier,Erithacus rubecula,4,FR-IDF,2025-08-31
Rougegorge familier,Erithacus rubecula,5,FR-IDF,2025-10-06
Rougegorge familier,Erithacus rubecula,5,FR-IDF,2025-11-11
Rougegorge familier,Erithacus rubecula,1,FR-IDF,2025-11-30
Rougegorge familier,Erithacus rubecula,6,FR-IDF,2025-12-13
Rougegorge familier,Erithacus rubecula,2,FR-IDF,2026-03-02
Rougegorge familier,Erithacus rubecula,4,FR-IDF,2026-04-06
Rougegorge familier,Erithacus rubecula,1,FR-IDF,2026-04-12
Rougegorge familier,Erithacus rubecula,3,FR-IDF,2026-04-12
Rougegorge familier,Erithacus rubecula,4,FR-IDF,2026-04-12
Rougegorge familier,Erithacus rubecula,5,FR-IDF,2026-04-18
Rougegorge familier,Erithacus rubecula,12,FR-IDF,2026-04-25
Rougegorge familier,Erithacus rubecula,15,FR-IDF,2026-04-04
Rougegorge familier,Erithacus rubecula,6,FR-IDF,2026-04-04
Rougegorge familier,Erithacus rubecula,8,FR-IDF,2026-04-06
Rougegorge familier,Erithacus rubecula,4,FR-IDF,2026-04-06
Rougegorge familier,Erithacus rubecula,9,FR-IDF,2026-04-06
Rougegorge familier,Erithacus rubecula,15,FR-IDF,2026-04-26
Gobemouche noir,Ficedula hypoleuca,1,FR-IDF,2026-04-18
Rougequeue à front blanc,Phoenicurus phoenicurus,1,FR-OCC,2025-07-30
Rougequeue à front blanc,Phoenicurus phoenicurus,1,FR-OCC,2025-08-01
Rougequeue à front blanc,Phoenicurus phoenicurus,1,FR-OCC,2025-07-30
Rougequeue à front blanc,Phoenicurus phoenicurus,3,FR-OCC,2025-07-29
Rougequeue à front blanc,Phoenicurus phoenicurus,1,FR-OCC,2025-07-31
Rougequeue à front blanc,Phoenicurus phoenicurus,1,FR-OCC,2025-08-01
Rougequeue à front blanc,Phoenicurus phoenicurus,1,FR-IDF,2026-04-12
Rougequeue à front blanc,Phoenicurus phoenicurus,1,FR-IDF,2026-04-12
Rougequeue à front blanc,Phoenicurus phoenicurus,1,FR-IDF,2026-04-04
Rougequeue noir,Phoenicurus ochruros,X,FR-OCC,2025-07-25
Rougequeue noir,Phoenicurus ochruros,2,FR-OCC,2025-07-26
Rougequeue noir,Phoenicurus ochruros,3,FR-OCC,2025-08-02
Rougequeue noir,Phoenicurus ochruros,4,FR-OCC,2025-07-29
Rougequeue noir,Phoenicurus ochruros,1,FR-OCC,2025-07-30
Rougequeue noir,Phoenicurus ochruros,X,FR-OCC,2025-07-28
Rougequeue noir,Phoenicurus ochruros,1,ES-CT,2025-10-12
Rougequeue noir,Phoenicurus ochruros,1,ES-CT,2025-10-11
Rougequeue noir,Phoenicurus ochruros,2,FR-IDF,2026-03-21
Rougequeue noir,Phoenicurus ochruros,3,FR-IDF,2026-04-04
Accenteur mouchet,Prunella modularis,1,FR-IDF,2026-04-12
Accenteur mouchet,Prunella modularis,1,FR-IDF,2026-03-21
Accenteur mouchet,Prunella modularis,1,FR-IDF,2026-02-02
Accenteur mouchet,Prunella modularis,1,FR-IDF,2026-04-12
Accenteur mouchet,Prunella modularis,2,FR-IDF,2026-04-25
Accenteur mouchet,Prunella modularis,1,FR-IDF,2026-04-26
Moineau domestique,Passer domesticus,X,FR-OCC,2025-07-25
Moineau domestique,Passer domesticus,4,FR-OCC,2025-07-30
Moineau domestique,Passer domesticus,2,FR-OCC,2025-07-29
Moineau domestique,Passer domesticus,12,FR-BFC,2025-08-09
Moineau domestique,Passer domesticus,X,FR-OCC,2025-07-24
Moineau domestique,Passer domesticus,1,FR-BFC,2025-08-09
Moineau domestique,Passer domesticus,3,FR-BFC,2025-08-11
Moineau domestique,Passer domesticus,10,FR-BFC,2025-08-09
Moineau domestique,Passer domesticus,X,FR-OCC,2025-07-25
Moineau domestique,Passer domesticus,X,FR-OCC,2025-07-25
Moineau domestique,Passer domesticus,1,FR-IDF,2026-03-21
Moineau domestique,Passer domesticus,1,FR-IDF,2026-03-10
Moineau domestique,Passer domesticus,2,FR-IDF,2026-01-18
Moineau domestique,Passer domesticus,4,FR-IDF,2026-02-08
Moineau domestique,Passer domesticus,2,FR-IDF,2026-02-21
Moineau domestique,Passer domesticus,2,FR-IDF,2026-04-06
Moineau friquet,Passer montanus,1,FR-OCC,2025-08-02
Moineau friquet,Passer montanus,X,JP-13,2026-05-16
Moineau friquet,Passer montanus,5,ES-CT,2025-10-12
Moineau friquet,Passer montanus,2,ES-CT,2025-10-13
Moineau friquet,Passer montanus,X,JP-29,2026-05-23
Moineau friquet,Passer montanus,X,JP-13,2026-05-15
Moineau friquet,Passer montanus,X,JP-13,2026-05-14
Bergeronnette des ruisseaux,Motacilla cinerea,2,ES-CT,2025-10-12
Bergeronnette des ruisseaux,Motacilla cinerea,1,FR-IDF,2026-02-28
Bergeronnette des ruisseaux,Motacilla cinerea,1,FR-IDF,2026-03-21
Bergeronnette des ruisseaux,Motacilla cinerea,1,FR-IDF,2026-02-02
Bergeronnette des ruisseaux,Motacilla cinerea,1,FR-IDF,2026-03-22
Bergeronnette des ruisseaux,Motacilla cinerea,1,FR-IDF,2026-03-07
Bergeronnette des ruisseaux,Motacilla cinerea,1,FR-IDF,2026-02-28
Bergeronnette printanière,Motacilla flava,1,ES-CT,2025-10-12
Bergeronnette grise,Motacilla alba,X,FR-OCC,2025-07-27
Bergeronnette grise,Motacilla alba,2,ES-CT,2025-10-12
Bergeronnette grise,Motacilla alba,5,ES-CT,2025-10-12
Bergeronnette grise,Motacilla alba,1,ES-CT,2025-10-11
Bergeronnette grise,Motacilla alba,3,ES-CT,2025-10-11
Bergeronnette grise,Motacilla alba,1,FR-IDF,2026-02-28
Bergeronnette grise,Motacilla alba,1,FR-IDF,2026-03-21
Bergeronnette grise,Motacilla alba,1,FR-IDF,2026-02-08
Pipit des arbres,Anthus trivialis,1,FR-OCC,2025-08-02
Pipit spioncelle,Anthus spinoletta,3,FR-OCC,2025-08-02
Pinson des arbres,Fringilla coelebs,2,FR-OCC,2025-07-29
Pinson des arbres,Fringilla coelebs,3,FR-IDF,2025-11-13
Pinson des arbres,Fringilla coelebs,1,FR-BFC,2025-08-11
Pinson des arbres,Fringilla coelebs,3,FR-IDF,2026-04-18
Pinson des arbres,Fringilla coelebs,4,FR-IDF,2026-02-28
Pinson des arbres,Fringilla coelebs,1,FR-IDF,2026-02-28
Pinson des arbres,Fringilla coelebs,3,FR-IDF,2026-02-28
Pinson des arbres,Fringilla coelebs,6,FR-IDF,2026-03-21
Pinson des arbres,Fringilla coelebs,1,FR-IDF,2025-12-05
Pinson des arbres,Fringilla coelebs,1,FR-IDF,2025-12-16
Pinson des arbres,Fringilla coelebs,2,FR-IDF,2026-02-28
Pinson des arbres,Fringilla coelebs,3,FR-IDF,2026-03-07
Pinson des arbres,Fringilla coelebs,1,FR-IDF,2026-03-09
Pinson des arbres,Fringilla coelebs,1,FR-IDF,2026-03-21
Pinson des arbres,Fringilla coelebs,2,FR-IDF,2026-04-19
Pinson des arbres,Fringilla coelebs,1,FR-IDF,2026-04-21
Pinson des arbres,Fringilla coelebs,2,FR-IDF,2026-01-18
Pinson des arbres,Fringilla coelebs,4,FR-IDF,2026-01-18
Pinson des arbres,Fringilla coelebs,5,FR-IDF,2026-02-08
Pinson des arbres,Fringilla coelebs,4,FR-IDF,2026-02-08
Pinson des arbres,Fringilla coelebs,2,FR-IDF,2026-02-21
Pinson des arbres,Fringilla coelebs,3,FR-IDF,2026-02-28
Pinson des arbres,Fringilla coelebs,4,FR-IDF,2026-03-21
Pinson des arbres,Fringilla coelebs,9,FR-IDF,2026-03-07
Pinson des arbres,Fringilla coelebs,4,FR-IDF,2026-04-04
Pinson des arbres,Fringilla coelebs,2,FR-IDF,2026-04-04
Pinson des arbres,Fringilla coelebs,6,FR-IDF,2026-04-26
Pinson des arbres,Fringilla coelebs,4,FR-IDF,2026-01-04
Pinson des arbres,Fringilla coelebs,6,FR-IDF,2026-02-28
Pinson des arbres,Fringilla coelebs,6,FR-IDF,2026-04-18
Pinson des arbres,Fringilla coelebs,3,FR-IDF,2026-04-25
Pinson des arbres,Fringilla coelebs,5,FR-IDF,2026-04-04
Pinson des arbres,Fringilla coelebs,1,FR-IDF,2025-12-13
Pinson des arbres,Fringilla coelebs,2,FR-IDF,2026-04-06
Pinson des arbres,Fringilla coelebs,2,FR-IDF,2026-04-12
Pinson des arbres,Fringilla coelebs,6,FR-IDF,2026-04-12
Pinson des arbres,Fringilla coelebs,2,FR-IDF,2026-04-12
Pinson des arbres,Fringilla coelebs,2,FR-IDF,2026-04-18
Pinson des arbres,Fringilla coelebs,4,FR-IDF,2026-04-25
Pinson des arbres,Fringilla coelebs,4,FR-IDF,2026-04-04
Pinson des arbres,Fringilla coelebs,10,FR-IDF,2026-04-04
Pinson des arbres,Fringilla coelebs,4,FR-IDF,2026-04-04
Pinson des arbres,Fringilla coelebs,4,FR-IDF,2026-04-06
Pinson des arbres,Fringilla coelebs,2,FR-IDF,2026-04-06
Pinson des arbres,Fringilla coelebs,6,FR-IDF,2026-04-06
Pinson des arbres,Fringilla coelebs,7,FR-IDF,2026-04-26
Grosbec casse-noyaux,Coccothraustes coccothraustes,2,FR-IDF,2026-03-21
Grosbec casse-noyaux,Coccothraustes coccothraustes,1,FR-IDF,2026-02-07
Grosbec casse-noyaux,Coccothraustes coccothraustes,2,FR-IDF,2026-01-18
Grosbec casse-noyaux,Coccothraustes coccothraustes,1,FR-IDF,2026-01-18
Grosbec casse-noyaux,Coccothraustes coccothraustes,1,FR-IDF,2026-03-07
Grosbec casse-noyaux,Coccothraustes coccothraustes,1,FR-IDF,2025-12-13
Bouvreuil pivoine,Pyrrhula pyrrhula,1,FR-OCC,2025-07-31
Verdier d'Europe,Chloris chloris,1,ES-CT,2025-10-11
Verdier d'Europe,Chloris chloris,1,FR-IDF,2026-03-21
Verdier d'Europe,Chloris chloris,1,FR-IDF,2026-02-08
Verdier d'Europe,Chloris chloris,2,FR-IDF,2026-04-12
Verdier d'Europe,Chloris chloris,1,FR-IDF,2026-04-04
Linotte mélodieuse,Linaria cannabina,1,FR-IDF,2026-04-12
Chardonneret élégant,Carduelis carduelis,X,FR-OCC,2025-07-25
Chardonneret élégant,Carduelis carduelis,X,FR-OCC,2025-07-25
Chardonneret élégant,Carduelis carduelis,1,FR-BFC,2025-08-09
Chardonneret élégant,Carduelis carduelis,1,FR-IDF,2026-02-08
Chardonneret élégant,Carduelis carduelis,1,FR-IDF,2026-03-09
Chardonneret élégant,Carduelis carduelis,2,FR-IDF,2026-03-22
Chardonneret élégant,Carduelis carduelis,1,FR-IDF,2026-02-21
Chardonneret élégant,Carduelis carduelis,1,FR-IDF,2025-08-24
Chardonneret élégant,Carduelis carduelis,2,FR-IDF,2026-02-28
Chardonneret élégant,Carduelis carduelis,1,FR-IDF,2026-04-25
Chardonneret élégant,Carduelis carduelis,2,FR-IDF,2026-04-06
Tarin des aulnes,Spinus spinus,1,FR-IDF,2026-03-22
Tarin des aulnes,Spinus spinus,2,FR-IDF,2026-02-08
Bruant jaune,Emberiza citrinella,1,FR-OCC,2025-07-26
